combo,s1,s2,s3,geometry_rank_centered,gradient_rank_C,success_count,cycle_count,status,cvt_ep_mean,cvt_ep_median,cvt_eR_mean,cvt_eR_median,cci_ep_mean,cci_ep_median,cci_eR_mean,cci_eR_median,delta_cci_minus_cvt_ep_mean,delta_cci_minus_cvt_eR_mean,cci_better_ep_count,cci_better_eR_count
1-2-3,1,2,3,1,3,0,10,invalid_geometry,,,,,,,,,,,0,0
1-2-4,1,2,4,2,5,10,10,ok,0.042259703812368848,0.045323245361921519,0.27449447754262402,0.26117577466928571,0.040336862441036153,0.043723897437273215,0.26246448692507618,0.25330299401271783,-0.0019228413713326953,-0.012029990617547837,9,8
1-2-5,1,2,5,2,5,10,10,ok,0.030902716398894459,0.03202205771372936,0.22356888780315542,0.21970443654485755,0.028622163211689762,0.029126294594516041,0.21686265246812586,0.20465343817186357,-0.0022805531872046973,-0.0067062353350295645,8,8
1-2-6,1,2,6,2,5,10,10,ok,0.028900651460058335,0.029615524734590649,0.24178031216156959,0.23822235868971753,0.027838213406139328,0.02853777891357024,0.23393346415381897,0.22673778201604133,-0.001062438053919007,-0.0078468480077506231,6,6
1-2-7,1,2,7,2,5,10,10,ok,0.022806576015825007,0.021699165586886289,0.25405439892797332,0.23635361410539824,0.025974016748808587,0.023523449795235025,0.29164524208996856,0.29182820831621731,0.0031674407329835806,0.037590843161995235,2,1
1-2-8,1,2,8,2,5,10,10,ok,0.021902256512763913,0.023228844552860811,0.23061300823606218,0.24022010065925531,0.026229304701044953,0.026071288420303599,0.2412589618614846,0.24760684780060443,0.0043270481882810401,0.010645953625422422,1,3
1-2-9,1,2,9,2,5,10,10,ok,0.027244607947849043,0.026947644076021592,0.19177576589749742,0.19955032072195764,0.030915707775998631,0.026957690193318153,0.23440881112227013,0.21340130232084945,0.0036710998281495877,0.042633045224772709,3,6
1-2-10,1,2,10,2,5,10,10,ok,0.024427826127775883,0.018957347639284663,0.20371332203483936,0.17008982241909526,0.02822584834519018,0.023455720863787735,0.27573806828587311,0.26815100159683447,0.0037980222174142965,0.07202474625103375,4,4
1-2-11,1,2,11,2,5,10,10,ok,0.025359590646810908,0.020521309169015685,0.16584648596555518,0.13406476705324788,0.030693181944085223,0.027460500746722787,0.26865438153199317,0.22633149857305995,0.0053335912972743149,0.10280789556643799,2,4
1-2-12,1,2,12,2,5,10,10,ok,0.028039479375223171,0.024905161980391673,0.16144526465763892,0.14192881857844164,0.036316990134893333,0.033116814863526155,0.32287900354309007,0.30674623741885226,0.0082775107596701619,0.16143373888545115,0,2
1-3-4,1,3,4,2,5,10,10,ok,0.036693468715981378,0.039873556627616422,0.29555861821640939,0.29354232797098079,0.037645924347031623,0.039164755712894211,0.29197663554108849,0.28613865645407166,0.00095245563105024467,-0.0035819826753208939,3,6
1-3-5,1,3,5,2,5,10,10,ok,0.026796865551314365,0.027958089863708215,0.21912805621873727,0.21149325337040037,0.026094741505068453,0.026225791657778066,0.21429912318143568,0.21224304107015984,-0.00070212404624591176,-0.004828933037301586,7,7
1-3-6,1,3,6,2,5,10,10,ok,0.02123369700121373,0.020645689058740008,0.24884485962836758,0.23667821697550995,0.021158916050809023,0.019895236393282691,0.22893677754355282,0.2159072813888957,-7.4780950404706309e-05,-0.01990808208481476,4,7
1-3-7,1,3,7,2,5,10,10,ok,0.018407539016109725,0.017965362108641872,0.29060914217284828,0.29642961205675589,0.024587552348689014,0.022419522844345084,0.31575324116532838,0.30357996354139821,0.0061800133325792886,0.025144098992480102,0,3
1-3-8,1,3,8,2,5,10,10,ok,0.017778619334799635,0.017634068089389929,0.26018460397048659,0.27137632154775337,0.024223968169917391,0.023778179355865091,0.25388541111191221,0.24660404815749637,0.0064453488351177562,-0.0062991928585743873,0,5
1-3-9,1,3,9,2,5,10,10,ok,0.020475328747589124,0.020220841983910963,0.21533886288251008,0.23447343460540532,0.025360120926378498,0.022457268348201973,0.22710896043138287,0.22514980109799515,0.0048847921787893746,0.011770097548872788,1,7
1-3-10,1,3,10,2,5,10,10,ok,0.020936462995823545,0.019097203025609528,0.18540266077898876,0.1517915907569532,0.024579883170746157,0.019944161620692322,0.23097842851836123,0.20056196208920196,0.0036434201749226125,0.045575767739372469,3,4
1-3-11,1,3,11,2,5,10,10,ok,0.020460758422691329,0.019091099170796946,0.15441581167157964,0.13797551246459269,0.024745374546864266,0.021254908476435297,0.22223283263847446,0.18398678874782332,0.0042846161241729373,0.06781702096689482,3,4
1-3-12,1,3,12,2,5,10,10,ok,0.020089641269563849,0.019352504408735396,0.14926439531194205,0.1421475920024563,0.026227698444589803,0.022616834028941844,0.25182683733790812,0.23461972941173054,0.0061380571750259544,0.10256244202596607,1,3
1-4-5,1,4,5,2,5,10,10,ok,0.027838900843371307,0.029181047100004527,0.44212932933859139,0.40495266756459769,0.036971524044817836,0.0340924575940246,0.30557345033073291,0.28465740029888065,0.009132623201446529,-0.13655587900785848,1,10
1-4-6,1,4,6,2,5,10,10,ok,0.033309743397586779,0.036282095540121816,0.35075085416910512,0.36254459731541211,0.037284209513504876,0.037564023125842436,0.29280354893964061,0.28266954612254158,0.0039744661159180975,-0.057947305229464507,2,10
1-4-7,1,4,7,2,5,10,10,ok,0.013296954626469761,0.0098566683970738034,0.48216897685574683,0.46782447203623678,0.015143515411300582,0.011140863296305939,0.47693604358033215,0.47534196288509389,0.0018465607848308207,-0.0052329332754146862,2,4
1-4-8,1,4,8,2,5,10,10,ok,0.011665374283926996,0.011715873343822179,0.47125152423735683,0.45734405920197718,0.011168128822472784,0.0081859562353296146,0.45574971879776471,0.43824449415512656,-0.00049724546145421197,-0.01550180543959212,4,7
1-4-9,1,4,9,2,5,10,10,ok,0.017877075758653441,0.017445494539029396,0.38171653064136823,0.37668919072163298,0.015637976129369558,0.015945475196939108,0.33455741686343254,0.32589249063681436,-0.0022390996292838833,-0.047159113777935691,8,10
1-4-10,1,4,10,2,5,10,10,ok,0.021457539466540825,0.02222526388655215,0.3508726891202979,0.32414851458772165,0.022505925189889819,0.022090895957973141,0.29701211995818444,0.28582011088376424,0.0010483857233489942,-0.053860569162113459,3,10
1-4-11,1,4,11,2,5,10,10,ok,0.016566413026326075,0.016172679585102042,0.46343904904743383,0.44657107560302567,0.017922600484594948,0.017430043100934392,0.39686453236548169,0.35897705244237682,0.0013561874582688725,-0.066574516681952134,1,10
1-4-12,1,4,12,2,5,10,10,ok,0.016129688317509015,0.014344072700027733,0.47622285059391134,0.48369358835803222,0.014587406480152979,0.014502263062202486,0.44288667288538297,0.45514509050894303,-0.0015422818373560365,-0.033336177708528369,7,10
1-5-6,1,5,6,2,5,10,10,ok,0.030147288233830116,0.029562385653038564,0.29861045321737278,0.28378869692111952,0.027590769620321205,0.027408186262982921,0.29034664087694073,0.28590551402301367,-0.002556518613508911,-0.0082638123404320529,8,6
1-5-7,1,5,7,2,5,10,10,ok,0.017056651210640889,0.016702604341671316,0.5317323192961696,0.53645317459315844,0.021152585734755956,0.021702792840282044,0.51703797136109453,0.54604626850605431,0.0040959345241150663,-0.014694347935075069,1,4
1-5-8,1,5,8,2,5,10,10,ok,0.011085720688599318,0.0084880350086549046,0.51015225088566418,0.50067655762982111,0.016702293376406711,0.016439656379381426,0.52207210541421645,0.51590620960530353,0.0056165726878073929,0.011919854528552265,1,3
1-5-9,1,5,9,2,5,10,10,ok,0.013099974814360194,0.012728399053236738,0.41281705719108686,0.41949068443864135,0.010790099516903033,0.0099849354449341246,0.4024458174983564,0.39226575673174641,-0.0023098752974571608,-0.010371239692730461,7,4
1-5-10,1,5,10,2,5,10,10,ok,0.014568936329389331,0.014676340964753051,0.35530037604239673,0.33261323201102627,0.020842984827463169,0.018653090936703056,0.22715054360291229,0.20785865535486853,0.0062740484980738382,-0.12814983243948444,2,10
1-5-11,1,5,11,2,5,10,10,ok,0.013302816903748344,0.014351988043268465,0.51029638283882472,0.51124131946203821,0.017100789163453083,0.020544902717615752,0.42306772233719181,0.41717241526823429,0.0037979722597047388,-0.087228660501632915,2,9
1-5-12,1,5,12,2,5,10,10,ok,0.013321205205191065,0.011647587089896678,0.57385445919408218,0.58287445595690202,0.012945606348484965,0.012196664726369058,0.58897441722068467,0.59783706644200407,-0.00037559885670609972,0.015119958026602487,5,2
1-6-7,1,6,7,2,5,10,10,ok,0.017733159111941534,0.01844975937807403,0.49866290288912041,0.49284721335628501,0.022577959481916272,0.024354828541066704,0.46978007610422939,0.52820913578081097,0.0048448003699747381,-0.028882826784891014,1,5
1-6-8,1,6,8,2,5,10,10,ok,0.012916686733074251,0.011400805782487972,0.49651271306241762,0.49557006133764842,0.019336859171650164,0.019938992249978374,0.48320825415153107,0.51363248084894919,0.0064201724385759135,-0.013304458910886552,0,4
1-6-9,1,6,9,2,5,10,10,ok,0.013236747362286822,0.013426291484844624,0.41967886769196089,0.41845117344353788,0.012930605354804479,0.012895187298637428,0.39095551751670138,0.40087342139033133,-0.00030614200748234344,-0.02872335017525951,3,6
1-6-10,1,6,10,2,5,10,10,ok,0.015737902026244324,0.014126643386129839,0.31326973570188055,0.32494980744325908,0.022945730818667593,0.014588115370692798,0.2321955509914872,0.22112920220159563,0.0072078287924232688,-0.081074184710393349,4,9
1-6-11,1,6,11,2,5,10,10,ok,0.015369287741532419,0.015038164982351696,0.40680289910935014,0.44856227018530859,0.022406052207128456,0.018136363515689154,0.29250778196481275,0.31468610693157339,0.0070367644655960366,-0.11429511714453738,0,10
1-6-12,1,6,12,2,5,10,10,ok,0.015202691211100326,0.016013752649749885,0.50010731876350856,0.52108898338798526,0.021491154375401892,0.022255415695050969,0.38808243626249378,0.46178176760102785,0.0062884631643015665,-0.11202488250101478,1,10
1-7-8,1,7,8,2,5,10,10,ok,0.047532105320678933,0.045995887415115663,0.57839360828632025,0.55571686677765064,0.053191700356998481,0.054637533263896074,0.58947524243808958,0.58543381213695389,0.005659595036319548,0.011081634151769326,1,4
1-7-9,1,7,9,2,5,10,10,ok,0.027085796009262149,0.024333714927062655,0.44558868499978876,0.44267208462685786,0.029539814801505297,0.028106499390004924,0.39283425298881536,0.4422578030002538,0.0024540187922431483,-0.052754432010973407,2,6
1-7-10,1,7,10,2,5,10,10,ok,0.032440240864680739,0.031934174767564008,0.71985309741897241,0.7183752897168485,0.038625958746995807,0.038262462591650337,0.77394313245783442,0.77219245402736125,0.0061857178823150685,0.054090035038862005,0,0
1-7-11,1,7,11,2,5,10,10,ok,0.039241468029598013,0.041157634117643678,0.73250663428954799,0.74142031388402807,0.044810452337582359,0.044835886379528664,0.74851765735209308,0.76254132152670273,0.0055689843079843454,0.016011023062545093,1,2
1-7-12,1,7,12,2,5,10,10,ok,0.035769582931868701,0.034519727114204063,0.6576660567496655,0.65868079145503911,0.041655121691215304,0.041533942839444553,0.66030492455744383,0.69669390678338794,0.0058855387593466021,0.0026388678077783334,1,2
1-8-9,1,8,9,2,5,10,10,ok,0.024186397980495485,0.026625062544496651,0.3081635020523098,0.32785426874364432,0.026902422719928452,0.02604061269534701,0.2480278217584472,0.26084065047076976,0.0027160247394329672,-0.060135680293862598,5,9
1-8-10,1,8,10,2,5,10,10,ok,0.013365501311352834,0.013117494932672575,0.4054930791374794,0.41983307736752479,0.017572032611560439,0.01584679434100586,0.46929027612312224,0.46718913598975398,0.0042065313002076048,0.063797196985642846,0,0
1-8-11,1,8,11,2,5,10,10,ok,0.017007872634345979,0.016541178288440914,0.51065421916640052,0.5272297153192439,0.02628425623091054,0.026789300719719973,0.58335900610702562,0.58588483518486556,0.0092763835965645608,0.072704786940625099,0,0
1-8-12,1,8,12,2,5,10,10,ok,0.021522580124008896,0.020783533866857953,0.54545524936138468,0.53169286471319077,0.029846156077935088,0.028875419045572372,0.58106636839000747,0.58671089488423434,0.0083235759539261912,0.035611119028622795,0,1
1-9-10,1,9,10,2,5,10,10,ok,0.015768650367160828,0.014861891559051835,0.24181568108924814,0.24737318020192484,0.014097796234081935,0.014265316062048079,0.1852625999295974,0.17780718995245492,-0.0016708541330788928,-0.056553081159650742,10,10
1-9-11,1,9,11,2,5,10,10,ok,0.0123077516475845,0.011829411553540736,0.28170767363397797,0.29670769886672677,0.011286192136564243,0.010494850801779761,0.23117851744645379,0.23987707475220621,-0.0010215595110202574,-0.050529156187524182,6,10
1-9-12,1,9,12,2,5,10,10,ok,0.012136214702218888,0.010858326073622238,0.30785751102550607,0.29957264554200891,0.012697048398262958,0.012375046735637663,0.23767895476676598,0.22897137411256341,0.00056083369604406977,-0.070178556258740088,5,10
1-10-11,1,10,11,2,5,10,10,ok,0.024681195927017362,0.026556213452116867,0.16845199417947482,0.15964595151228517,0.028570945484854126,0.029873303408227699,0.24239238164358992,0.18724288526703037,0.0038897495578367643,0.073940387464115104,3,3
1-10-12,1,10,12,2,5,10,10,ok,0.018743713979775325,0.018687271314297715,0.19261453432121275,0.20947498629953701,0.017896304972007299,0.017663945533291418,0.12893920851563595,0.12889998650814932,-0.00084740900776802616,-0.063675325805576805,8,9
1-11-12,1,11,12,2,5,10,10,ok,0.013276636203532064,0.0096482863673899959,0.30414339795447087,0.30597183941723161,0.011969187654976881,0.0099200123827635194,0.32549236705931794,0.32489993584240734,-0.0013074485485551832,0.021348969104847071,7,3
2-3-4,2,3,4,2,5,10,10,ok,0.032434453371779151,0.034401934421665489,0.30954965208745094,0.31597445360912518,0.034565659364819104,0.037749859248381243,0.29273985639318184,0.29401817601552716,0.002131205993039953,-0.016809795694269103,2,8
2-3-5,2,3,5,2,5,10,10,ok,0.024644925976941044,0.025130160307928782,0.23961046108418743,0.22069778889749922,0.024854559601070195,0.025492062281525465,0.22024858103794251,0.21690572586880355,0.00020963362412915187,-0.019361880046244923,4,9
2-3-6,2,3,6,2,5,10,10,ok,0.020086968288233236,0.020055839442255911,0.31350555599714264,0.32383952608984434,0.021375963366686325,0.02270056608957699,0.28332634224718589,0.27214909185210623,0.0012889950784530889,-0.030179213749956746,3,9
2-3-7,2,3,7,2,5,10,10,ok,0.027694098798967275,0.023966227240225832,0.4378678372520991,0.44400672153884513,0.040060873498090191,0.033533322563057924,0.50183579925532018,0.49631005202104272,0.012366774699122916,0.063967962003221079,0,1
2-3-8,2,3,8,2,5,10,10,ok,0.025859472210179348,0.025572934065564126,0.37575758458234604,0.41017571083065696,0.035727819604920448,0.033720872616956193,0.38907388346107796,0.41311321743800056,0.0098683473947411005,0.013316298878731925,0,3
2-3-9,2,3,9,2,5,10,10,ok,0.020018873710160198,0.022244231270980994,0.2924078466919241,0.30557039159939414,0.023584071205233578,0.023980443536561639,0.25571944294865212,0.24250636083285243,0.0035651974950733807,-0.03668840374327198,1,9
2-3-10,2,3,10,2,5,10,10,ok,0.020992384563702397,0.020732282301962654,0.25651558174097844,0.28004481532868464,0.021472272052160579,0.018834322455401824,0.21964273186661959,0.20234185748233036,0.00047988748845818191,-0.036872849874358848,7,7
2-3-11,2,3,11,2,5,10,10,ok,0.015599392448627814,0.014807863739286831,0.20785062788392211,0.21232772052716381,0.017543500957918005,0.014051708462796063,0.18985647202865027,0.17503996881809045,0.0019441085092901916,-0.017994155855271837,4,7
2-3-12,2,3,12,2,5,10,10,ok,0.013216748519398433,0.013727830583125059,0.1995736534868269,0.21194715198135766,0.015574171158936445,0.012199355726707575,0.20425275782826691,0.18321692918491544,0.0023574226395380125,0.0046791043414400046,3,7
2-4-5,2,4,5,2,5,10,10,ok,0.024911173740658231,0.025459638407243759,0.45344120073276983,0.41723722287952869,0.033694644555185962,0.030745406336121932,0.26265059530919704,0.24331669154781965,0.0087834708145277315,-0.19079060542357279,1,10
2-4-6,2,4,6,2,5,10,10,ok,0.030021405534259599,0.029639666222619446,0.33354769302346715,0.33748010502506237,0.034143145500186552,0.032903895716445974,0.25095500816537253,0.23356743180283498,0.0041217399659269523,-0.082592684858094623,2,10
2-4-7,2,4,7,2,5,10,10,ok,0.017955612169165525,0.016652686149424792,0.35187560073999663,0.33587802521693283,0.016809252493945968,0.015373802013258941,0.35625356342699499,0.34544408461986054,-0.0011463596752195569,0.0043779626869983601,7,4
2-4-8,2,4,8,2,5,10,10,ok,0.021111029729284338,0.019104405874635487,0.34122368520095236,0.32802762037830602,0.017771656279271051,0.018117549438043189,0.34304912695195605,0.32530597918739601,-0.0033393734500132867,0.0018254417510036869,7,2
2-4-9,2,4,9,2,5,10,10,ok,0.024830723352665156,0.023880814555266132,0.27870335005048463,0.26145806629426438,0.020296911348578334,0.019933756782721551,0.25113361464013029,0.23121442570652695,-0.0045338120040868228,-0.027569735410354346,8,8
2-4-10,2,4,10,2,5,10,10,ok,0.023381322803619427,0.023465620549581737,0.272024644098039,0.25660083257037219,0.02378270525457012,0.023603981903825656,0.24027830377831413,0.20501329566098042,0.00040138245095069219,-0.031746340319724869,7,9
2-4-11,2,4,11,2,5,10,10,ok,0.021076479422759996,0.020047642267986332,0.32254833259392057,0.30363626618749395,0.021448200681422072,0.019686996974937098,0.25942752816291226,0.24750193262043954,0.00037172125866207634,-0.063120804431008315,7,10
2-4-12,2,4,12,2,5,10,10,ok,0.021567180230674367,0.017879543252454909,0.32912706257516111,0.32097404589100775,0.019533991138752274,0.016740149979472214,0.28144350465686696,0.2738334517874762,-0.0020331890919220927,-0.04768355791829415,9,10
2-5-6,2,5,6,2,5,10,10,ok,0.027133399658970429,0.026546487788650323,0.2915830938312991,0.29084594568809241,0.025118984364327256,0.024118110864581099,0.27018622020606925,0.27226756874750735,-0.002014415294643173,-0.021396873625229851,8,7
2-5-7,2,5,7,2,5,10,10,ok,0.015814520333558235,0.017513929954194499,0.49065984847572663,0.49009257243832394,0.020521653296324174,0.022562517941262204,0.47843156264530134,0.5082861124175132,0.0047071329627659392,-0.012228285830425289,0,4
2-5-8,2,5,8,2,5,10,10,ok,0.011331158165551442,0.010838970167662637,0.45001267226943253,0.44312887551438984,0.014953212805429045,0.013618187748476188,0.46392658656141678,0.45732375287860449,0.0036220546398776036,0.013913914291984242,2,1
2-5-9,2,5,9,2,5,10,10,ok,0.014885710841114789,0.014133024640589751,0.35674288935496712,0.35598420241724477,0.01068078548106677,0.0099882192627605299,0.36527123955379548,0.35199187003005006,-0.0042049253600480192,0.0085283501988283605,7,2
2-5-10,2,5,10,2,5,10,10,ok,0.017937659495955303,0.015115184853301752,0.25357293108745027,0.24952216207805358,0.020243553487026885,0.016672341345021519,0.17639972818470895,0.16177964352632898,0.0023058939910715823,-0.077173202902741322,5,9
2-5-11,2,5,11,2,5,10,10,ok,0.016760617707000193,0.013804465522803247,0.38719511663084094,0.38224679875925271,0.015837015158180985,0.015116953099540078,0.35194877688203541,0.32968429327549015,-0.00092360254881920789,-0.035246339748805533,6,8
2-5-12,2,5,12,2,5,10,10,ok,0.017527552057057021,0.01572740893895555,0.42582595393324707,0.43434237732277525,0.011971733589555601,0.010933252889411478,0.45639763868008593,0.44619933759520636,-0.0055558184675014201,0.030571684746838856,7,1
2-6-7,2,6,7,2,5,10,10,ok,0.022662267889232056,0.024112685675348071,0.50828322197878995,0.5238498844470596,0.024915951822975613,0.027984623641294719,0.44082092058856215,0.52428223256208806,0.0022536839337435575,-0.067462301390227797,3,7
2-6-8,2,6,8,2,5,10,10,ok,0.014795212369466737,0.01247217759798248,0.49255575568051962,0.49210213967791583,0.019838404494299463,0.02030315640314587,0.45569732881093011,0.49059832718850876,0.0050431921248327259,-0.036858426869589511,0,7
2-6-9,2,6,9,2,5,10,10,ok,0.012806271462843083,0.012534958896231449,0.41218963039889511,0.41772913955688168,0.011566788001776126,0.0093679634411118241,0.39572771923437294,0.39440365129014954,-0.0012394834610669567,-0.016461911164522169,5,6
2-6-10,2,6,10,2,5,10,10,ok,0.015687623657992405,0.014142585454856858,0.28316580238255645,0.30809038679491585,0.020389633666675192,0.012858468746520302,0.20746570610263429,0.22648737783807998,0.0047020100086827867,-0.075700096279922163,4,9
2-6-11,2,6,11,2,5,10,10,ok,0.014143669880888133,0.013179322771319481,0.40776857111321851,0.44686406048254124,0.01772225572970814,0.017234041981388046,0.30106044442642088,0.35040004700773558,0.0035785858488200078,-0.10670812668679763,2,10
2-6-12,2,6,12,2,5,10,10,ok,0.014291104819037326,0.015569930960053352,0.52537224333503174,0.5580860969134156,0.017413140113484205,0.017212916332003957,0.45466687457134486,0.49770015609353735,0.0031220352944468788,-0.070705368763686882,2,8
2-7-8,2,7,8,2,5,10,10,ok,0.048622804273204985,0.048574303844712632,0.5416033954307885,0.5415565368293831,0.055033800807407773,0.057721255717436061,0.54215737877855674,0.55366784215314646,0.0064109965342027883,0.00055398334776823877,0,5
2-7-9,2,7,9,2,5,10,10,ok,0.030891030567981446,0.030035367678373802,0.45698612794545318,0.47524512543380171,0.032309941752288421,0.031260560686029421,0.38828110876182553,0.44009444762857042,0.0014189111843069743,-0.068705019183627647,4,8
2-7-10,2,7,10,2,5,10,10,ok,0.020631487584999057,0.021388254899122904,0.53779559498071561,0.53284839323271838,0.027713769739350351,0.026428104918640692,0.57553654523631614,0.60068132534734731,0.0070822821543512944,0.037740950255600536,0,1
2-7-11,2,7,11,2,5,10,10,ok,0.026530600550946491,0.027438226227607276,0.52866608292073625,0.5262568497628759,0.02957180231523069,0.030267827555280784,0.50239889751049449,0.54738848954225827,0.0030412017642841987,-0.026267185410241756,2,7
2-7-12,2,7,12,2,5,10,10,ok,0.030110232139831494,0.031033929042519233,0.52794499995976574,0.53784974674934616,0.031965154731841409,0.032724732866743114,0.47147793558591111,0.51782648414666288,0.0018549225920099152,-0.056467064373854625,3,9
2-8-9,2,8,9,2,5,10,10,ok,0.023628449663719735,0.022735444724463948,0.35327030601526171,0.38963998186843363,0.028407705801077855,0.026678118121856442,0.28308595559386218,0.34275213710730734,0.0047792561373581205,-0.070184350421399533,4,9
2-8-10,2,8,10,2,5,10,10,ok,0.013832419656975717,0.012780960839690311,0.43324120591726711,0.43062143388524354,0.022452898958781678,0.021021263341404379,0.51891785221681697,0.51642938916745484,0.0086204793018059608,0.085676646299549852,0,0
2-8-11,2,8,11,2,5,10,10,ok,0.021754477473519541,0.021387848711664,0.53347939244302256,0.52187111579341305,0.030645098518074555,0.030348138265545763,0.58606140000128348,0.59079507950383658,0.0088906210445550138,0.052582007558260924,0,0
2-8-12,2,8,12,2,5,10,10,ok,0.027284801839166505,0.027817584741133449,0.56051422839110787,0.57024233981748007,0.033297205902836323,0.033120831504668734,0.55310785279528107,0.56774955420250062,0.0060124040636698184,-0.0074063755958267974,0,6
2-9-10,2,9,10,2,5,10,10,ok,0.015522550492063854,0.014866064876612017,0.28099876443193567,0.27365524671454394,0.014140977865887356,0.014918645911396435,0.2602602226963856,0.24166635855801549,-0.0013815726261764989,-0.020738541735550065,7,9
2-9-11,2,9,11,2,5,10,10,ok,0.012030478054619643,0.010804002493073433,0.34156243771393291,0.35754445493578157,0.011620292118988273,0.011163964543366418,0.32185531798475686,0.32346128477722225,-0.00041018593563136967,-0.019707119729176048,4,9
2-9-12,2,9,12,2,5,10,10,ok,0.012394040067301611,0.011404053227870234,0.37797871147954593,0.35392936861597091,0.014013866467618135,0.012999288179460224,0.33968640017079993,0.32908644372508283,0.0016198264003165243,-0.038292311308745997,2,9
2-10-11,2,10,11,2,5,10,10,ok,0.029372084057610555,0.02940526343252263,0.16191740206826061,0.14859824610263694,0.035075110475688287,0.03395653057468092,0.27010896175057597,0.1837900302039461,0.0057030264180777321,0.10819155968231536,3,3
2-10-12,2,10,12,2,5,10,10,ok,0.019620137432804073,0.016690845777779732,0.18919032237960404,0.20349382480029782,0.017647957230048403,0.014660411614806353,0.1443344266325621,0.14704079141620274,-0.0019721802027556704,-0.044855895747041935,9,9
2-11-12,2,11,12,2,5,10,10,ok,0.012368489864151467,0.0096165577569619441,0.31685037417197343,0.33004551033364427,0.01173371285458048,0.01016015771932605,0.3410533366025249,0.34055700544006701,-0.00063477700957098766,0.024202962430551478,3,2
3-4-5,3,4,5,2,5,10,10,ok,0.027726119777567802,0.027904438277661182,0.42721871664889255,0.41819673615782471,0.036523650306997807,0.034482292624907068,0.19397091124840415,0.15591570664328888,0.0087975305294300046,-0.23324780540048839,1,10
3-4-6,3,4,6,2,5,10,10,ok,0.028646748537252492,0.028086109186166365,0.30310621955650791,0.30000971434323087,0.031897869903373476,0.029976145973940362,0.20891145540385056,0.17533541456950158,0.0032511213661209834,-0.094194764152657345,0,10
3-4-7,3,4,7,2,5,10,10,ok,0.020464035494738679,0.017937671137081113,0.28220915458848955,0.27039246286216695,0.020511589124681505,0.018584205857821834,0.27236163619067721,0.2784498818120954,4.7553629942825859e-05,-0.0098475183978123382,5,6
3-4-8,3,4,8,2,5,10,10,ok,0.023519116645646453,0.022435286795938675,0.25399020484005863,0.2400858500906638,0.022391323861669414,0.021602098926826237,0.25711362371512692,0.24386016912071012,-0.0011277927839770385,0.0031234188750682845,6,2
3-4-9,3,4,9,2,5,10,10,ok,0.027519721231815654,0.028758896532891105,0.21112136276187318,0.18408993891958553,0.025396126707553805,0.025154626086309889,0.19869073422214595,0.16767714572276032,-0.0021235945242618487,-0.012430628539727234,8,8
3-4-10,3,4,10,2,5,10,10,ok,0.022589401135592296,0.021786939938766452,0.23904417519561344,0.24924152770399324,0.022846509473836579,0.022223514053544689,0.21259258450628185,0.21135421070540028,0.00025710833824428223,-0.026451590689331589,4,9
3-4-11,3,4,11,2,5,10,10,ok,0.021333489614190387,0.021830733202176857,0.26008697359726818,0.26337123231939669,0.021755366944131629,0.021543398837611458,0.20740850169997219,0.19054856921946936,0.00042187732994124205,-0.052678471897295992,4,9
3-4-12,3,4,12,2,5,10,10,ok,0.020920420845628774,0.018854336860404726,0.27468757995970178,0.27307173733918799,0.01947246277826049,0.016922550706845889,0.23513054233743064,0.22266868972457632,-0.0014479580673682838,-0.039557037622271141,10,10
3-5-6,3,5,6,2,5,10,10,ok,0.025603763690115168,0.023750293964395684,0.26889758188201085,0.262282893024672,0.024316839012890928,0.022097576416107691,0.24748385649941143,0.24871803582461482,-0.0012869246772242403,-0.021413725382599419,8,8
3-5-7,3,5,7,2,5,10,10,ok,0.016088736853854507,0.013615489469905463,0.4226602162288236,0.43128098319104924,0.021123913714409522,0.020032920542235579,0.42339633571745694,0.45878550015863556,0.005035176860555015,0.00073611948863333554,1,3
3-5-8,3,5,8,2,5,10,10,ok,0.013622775357827696,0.013503575237133745,0.36805800222604929,0.36986696029635968,0.017844209268692325,0.016097371346852445,0.39481125434506409,0.40619937135673123,0.0042214339108646286,0.026753252119014803,1,1
3-5-9,3,5,9,2,5,10,10,ok,0.017614915865017615,0.017803430131314912,0.28493800266488406,0.27409259730376534,0.016980533266933953,0.018645845723768102,0.31094706794172128,0.29595428860371475,-0.00063438259808366176,0.026009065276837218,5,1
3-5-10,3,5,10,2,5,10,10,ok,0.020950271571507119,0.018680307774738621,0.18863315800893662,0.19137136473995231,0.020275835595155854,0.017527234484420045,0.15665445309424411,0.15173904806935862,-0.00067443597635126473,-0.031978704914692513,6,9
3-5-11,3,5,11,2,5,10,10,ok,0.019197271966433293,0.016773278196239277,0.24665524527519858,0.23961676054888975,0.016687948275362931,0.015171626441572975,0.23160296491352081,0.22072512117084747,-0.0025093236910703615,-0.015052280361677772,9,8
3-5-12,3,5,12,2,5,10,10,ok,0.018561558740201954,0.015644625880937513,0.28285686604081184,0.27349354029508011,0.013224894146055979,0.012221048322482886,0.31471173553831633,0.30030355525216179,-0.0053366645941459751,0.03185486949750449,9,0
3-6-7,3,6,7,2,5,10,10,ok,0.025550946146792691,0.025505140701092475,0.48955691427531339,0.53421807666674526,0.026907372553014747,0.029161925308486224,0.42825051675270531,0.49766422093126406,0.0013564264062220568,-0.06130639752260808,3,8
3-6-8,3,6,8,2,5,10,10,ok,0.01703984487561138,0.016522846376777374,0.46249167787192935,0.4735824310055024,0.020369764992491539,0.020590308831817512,0.4335024069996698,0.46879064019017186,0.0033299201168801584,-0.028989270872259554,0,9
3-6-9,3,6,9,2,5,10,10,ok,0.015938579048639705,0.015675011142938729,0.36851017870420483,0.3669801958562795,0.01620615869698764,0.014040620754155964,0.36843552602720891,0.3746875023353885,0.0002675796483479348,-7.4652676995912159e-05,5,4
3-6-10,3,6,10,2,5,10,10,ok,0.018532748013222543,0.01522444066475746,0.20974731589636061,0.24001872541381172,0.020753572330536364,0.013747273998453206,0.18097287091892952,0.18969442193143102,0.0022208243173138208,-0.028774444977431091,5,8
3-6-11,3,6,11,2,5,10,10,ok,0.016330018481325696,0.015615870930236416,0.31045219692650938,0.34939946875139166,0.017275312801075315,0.015727114429729083,0.24971755150184402,0.30791319040885445,0.00094529431974961844,-0.060734645424665362,4,10
3-6-12,3,6,12,2,5,10,10,ok,0.015940479206502843,0.015141232717006273,0.40981250228811505,0.41826978672406612,0.015550078544296395,0.016266071828712616,0.40104942161212165,0.41205143428571622,-0.00039040066220644848,-0.0087630806759934066,5,4
3-7-8,3,7,8,2,5,10,10,ok,0.047208460329075996,0.046566886196046764,0.4904292699717982,0.52703770561743535,0.050840872381312338,0.049186622597958474,0.45326971244988234,0.47724568005016038,0.0036324120522363418,-0.037159557521915854,1,8
3-7-9,3,7,9,2,5,10,10,ok,0.027232288972703307,0.027413191238974129,0.40702918736451127,0.42614553178832454,0.028230884401919214,0.031096767339410539,0.32917887998577039,0.37419186757720335,0.0009985954292159073,-0.077850307378740879,4,8
3-7-10,3,7,10,2,5,10,10,ok,0.0090854032172480378,0.0084328115806387542,0.33935676672144965,0.33668530429286742,0.010335238681401394,0.0099546740129091323,0.3241320122725117,0.31319497032193255,0.0012498354641533559,-0.015224754448937949,5,5
3-7-11,3,7,11,2,5,10,10,ok,0.010180601279839913,0.010096669365400244,0.3269004630588534,0.3248870320639759,0.011767947637795418,0.011911003871395882,0.27322450624094269,0.27914870621915616,0.0015873463579555054,-0.053675956817910708,2,10
3-7-12,3,7,12,2,5,10,10,ok,0.017247277006401669,0.018887632591251077,0.35658947488172588,0.34879395904323784,0.016909703620096736,0.016783072996009615,0.26795902151814033,0.25981547992788706,-0.00033757338630493322,-0.088630453363585548,6,10
3-8-9,3,8,9,2,5,10,10,ok,0.025144905739074679,0.027231680624741995,0.30399293447783293,0.32020967120188926,0.036371597417119463,0.027244462688405344,0.32551944226458002,0.31888117269388383,0.011226691678044784,0.021526507786747084,3,7
3-8-10,3,8,10,2,5,10,10,ok,0.012904312928872032,0.013906896747622438,0.33146129899083576,0.30807042468010482,0.019483254722496325,0.019662918910392603,0.40357571998266073,0.39480330531354202,0.0065789417936242926,0.072114420991824968,1,0
3-8-11,3,8,11,2,5,10,10,ok,0.013423171229974514,0.011596297964934988,0.37945163287854056,0.35684038505612553,0.019097200002560509,0.017568610062904569,0.39072424805348327,0.39732289278925415,0.0056740287725859945,0.011272615174942713,0,3
3-8-12,3,8,12,2,5,10,10,ok,0.019896854585131338,0.018382904529251475,0.41690770095371521,0.40558982838429614,0.02288640686732387,0.021239768137863962,0.35363995010003452,0.34648989227194243,0.0029895522821925327,-0.063267750853680693,0,10
3-9-10,3,9,10,2,5,10,10,ok,0.019025099973811528,0.017463357060669198,0.23374828965408811,0.21926678633357305,0.01825804489745254,0.015571412037642719,0.23593674738040224,0.20892944099790978,-0.0007670550763589877,0.0021884577263141247,5,5
3-9-11,3,9,11,2,5,10,10,ok,0.016112438191914949,0.013780945636853999,0.29402354225412164,0.28921810034529882,0.016330316660886045,0.015625649792081503,0.2913749970028226,0.28188470844969549,0.00021787846897109581,-0.0026485452512990393,3,5
3-9-12,3,9,12,2,5,10,10,ok,0.017576020074267708,0.016821923610895149,0.32649234858508513,0.30540780742396845,0.019743616003360009,0.018060420453258667,0.30049615941067753,0.26258196875087514,0.0021675959290923009,-0.025996189174407602,2,7
3-10-11,3,10,11,2,5,10,10,ok,0.03510335626166667,0.03616797176871904,0.14145760070903884,0.10650386584085103,0.042353645816445615,0.041652038348256912,0.29372709646836881,0.23437875561798183,0.007250289554778945,0.15226949575932996,3,3
3-10-12,3,10,12,2,5,10,10,ok,0.022327779147492309,0.019660550989993746,0.1687263942777269,0.17293940037966729,0.020372591478312937,0.017389755465180415,0.149825633450929,0.14398677219098543,-0.0019551876691793722,-0.018900760826797897,10,8
3-11-12,3,11,12,2,5,10,10,ok,0.013417436501591726,0.011042743021368198,0.32071854298470048,0.32623701595274279,0.012403365565466411,0.012409613107695994,0.35891427581488261,0.3532286201284181,-0.001014070936125315,0.038195732830182128,3,3
4-5-6,4,5,6,1,3,0,10,invalid_geometry,,,,,,,,,,,0,0
4-5-7,4,5,7,2,5,10,10,ok,0.05029973621153018,0.052143526617395672,0.31774600855420343,0.23720975403513755,0.04739369394566232,0.051522344496190094,0.29253174811568505,0.18946653694155371,-0.00290604226586786,-0.025214260438518377,6,5
4-5-8,4,5,8,2,5,10,10,ok,0.040301585524535187,0.041302800250297478,0.40806209111982727,0.36185589962704262,0.040266728265590801,0.042138292917536346,0.33437191907371538,0.26225612348956806,-3.4857258944386016e-05,-0.07369017204611189,6,9
4-5-9,4,5,9,2,5,10,10,ok,0.03895139238734998,0.03969451875935838,0.43998863254652931,0.42725016192994814,0.040796650802595327,0.041504512380607046,0.33726586482887344,0.26127969404462076,0.0018452584152453474,-0.10272276771765587,3,9
4-5-10,4,5,10,2,5,10,10,ok,0.037168523166958657,0.034304621055017775,0.33183285794107631,0.31778136990205164,0.040174912935850807,0.03379059370478199,0.25987301804712876,0.23974092833610483,0.0030063897688921495,-0.071959839893947553,5,9
4-5-11,4,5,11,2,5,10,10,ok,0.030974914368060276,0.030162225139730242,0.44772398904824318,0.44311354319751683,0.038207463124899532,0.032599217999936064,0.2786286543988713,0.2215455697541554,0.0072325487568392563,-0.16909533464937188,2,10
4-5-12,4,5,12,2,5,10,10,ok,0.032111269583773937,0.031164043924688752,0.52193417169183243,0.5153556674168609,0.040102613760435959,0.033974911506644702,0.30586047196505989,0.27451727509948487,0.0079913441766620227,-0.21607369972677254,2,9
4-6-7,4,6,7,2,5,10,10,ok,0.037203226316811486,0.040629591460278294,0.32925506609345728,0.28391879938475817,0.032059869857175884,0.03417832039003698,0.32604408617348118,0.26540292556754119,-0.0051433564596356021,-0.003210979919976098,8,3
4-6-8,4,6,8,2,5,10,10,ok,0.030860940904905276,0.033548220163283828,0.37355029722107236,0.32815697347552886,0.02652807416876345,0.026819639030592719,0.34924124745102508,0.31743379286651069,-0.0043328667361418258,-0.024309049770047275,7,6
4-6-9,4,6,9,2,5,10,10,ok,0.031666588357105709,0.034726273204327841,0.36526960517617957,0.33858803227161871,0.030104225625282623,0.031260233914691057,0.31723487013348223,0.27195183861382344,-0.0015623627318230859,-0.048034735042697341,6,9
4-6-10,4,6,10,2,5,10,10,ok,0.032431928228570564,0.029087098105625223,0.27916800945883324,0.31276951683453591,0.033348928086842887,0.027543965900314677,0.23725611724977697,0.21778118885989217,0.00091699985827232294,-0.041911892209056278,7,8
4-6-11,4,6,11,2,5,10,10,ok,0.029969589346200209,0.027578428221460581,0.32529137759602728,0.35890064341106909,0.031796794456294818,0.025762990212898348,0.2469157318284691,0.22999724680311634,0.0018272051100946089,-0.078375645767558177,5,9
4-6-12,4,6,12,2,5,10,10,ok,0.029920115504815149,0.027869807670227058,0.35071732193458949,0.37758407724110465,0.031731589966681059,0.02639360228260601,0.25373238591655389,0.26682996312295998,0.0018114744618659105,-0.096984936018035595,5,9
4-7-8,4,7,8,2,5,10,10,ok,0.042884908152959013,0.041486111415983434,0.70852149329315373,0.70672986909216018,0.045476117423437955,0.042840402994941143,0.71901501840136528,0.71165472504652283,0.0025912092704789419,0.010493525108211554,1,3
4-7-9,4,7,9,2,5,10,10,ok,0.011720566547355227,0.0094724678746330206,0.46318167759955975,0.45141550208087317,0.013483175542685411,0.011233038189682265,0.44504984775825135,0.43591787546796562,0.0017626089953301834,-0.0181318298413084,3,5
4-7-10,4,7,10,2,5,10,10,ok,0.02195836729767368,0.021512418117332607,0.56014547907363377,0.56953761225081401,0.025771827844803814,0.025819910559990895,0.57796006554914381,0.57716562947380723,0.003813460547130134,0.017814586475510041,1,1
4-7-11,4,7,11,2,5,10,10,ok,0.015895559912289116,0.014890903889683322,0.61420076095829301,0.6316807823413908,0.019492880542296358,0.018198239914869897,0.61776344824944285,0.61821296851607066,0.0035973206300072419,0.0035626872911498353,1,4
4-7-12,4,7,12,2,5,10,10,ok,0.016811569779675396,0.016621351284134677,0.57504081072396096,0.57036958320113929,0.017836539280444715,0.013692835839114107,0.5980211984229904,0.60227165969323226,0.0010249695007693189,0.022980387699029436,4,2
4-8-9,4,8,9,2,5,10,10,ok,0.03672490768570965,0.037470823166011767,0.28244827803962963,0.27633061348462867,0.032660975921699288,0.033908530951426513,0.24275202085729722,0.21696540850585194,-0.0040639317640103617,-0.039696257182332412,7,7
4-8-10,4,8,10,2,5,10,10,ok,0.01623693476422065,0.01421433155393277,0.40751790151524575,0.40327319201337197,0.022681519200372556,0.022196569363730462,0.45305331914548469,0.45108793239769407,0.006444584436151906,0.045535417630238939,2,0
4-8-11,4,8,11,2,5,10,10,ok,0.017897989665986869,0.015937116360818963,0.49656712606539949,0.50273936792948426,0.019002588224061295,0.018206404196929402,0.5359133401288978,0.52604715517550116,0.0011045985580744253,0.039346214063498308,2,0
4-8-12,4,8,12,2,5,10,10,ok,0.022949558946493392,0.020318373469299135,0.48540094172017489,0.44923993609176982,0.020294436674942691,0.019450415807559632,0.51121791047890874,0.48520516547754211,-0.0026551222715507014,0.025816968758733849,6,1
4-9-10,4,9,10,2,5,10,10,ok,0.020562740814785423,0.02099410225717404,0.22792653899066129,0.21975338053168178,0.017863603167498254,0.016345506432908941,0.22021353416562878,0.21757207943847129,-0.0026991376472871691,-0.0077130048250325101,9,8
4-9-11,4,9,11,2,5,10,10,ok,0.01656922351037151,0.016919739816698337,0.33894647753100743,0.34738609396585352,0.014383527945963082,0.013905153918808862,0.31412915988242529,0.30977727584497289,-0.0021856955644084276,-0.024817317648582138,7,9
4-9-12,4,9,12,2,5,10,10,ok,0.020960826288500635,0.023510860474984598,0.41245632730299386,0.3840115372649533,0.019414456032267321,0.019634836410645763,0.36814554578202785,0.34096928049832242,-0.0015463702562333141,-0.044310781520966014,7,9
4-10-11,4,10,11,2,5,10,10,ok,0.033810167155520085,0.030758271819738454,0.14306187229244771,0.10770039363841283,0.03691837142597288,0.032843449388134306,0.19567613543963586,0.16103475582551302,0.0031082042704527954,0.052614263147188145,5,5
4-10-12,4,10,12,2,5,10,10,ok,0.030353591217123339,0.027489792469446682,0.1824270426239073,0.18053136345772514,0.029144815891177629,0.026290975017446035,0.16867156486908652,0.14164738284969342,-0.0012087753259457101,-0.013755477754820777,7,8
4-11-12,4,11,12,2,5,10,10,ok,0.025489628044886407,0.024297366952368268,0.27696892685741087,0.29774545637663341,0.021030598791214442,0.020261665484486623,0.2736154393313015,0.28700854193036923,-0.0044590292536719651,-0.0033534875261093666,8,6
5-6-7,5,6,7,2,5,10,10,ok,0.020498722494930555,0.019932475755356893,0.41798274507498939,0.42209630545065724,0.017746969869600459,0.01515326284804892,0.48414475901202059,0.46917064767304201,-0.0027517526253300964,0.066162013937031194,7,0
5-6-8,5,6,8,2,5,10,10,ok,0.016441774251401163,0.014888690164735444,0.42421930825634036,0.42938711187756939,0.014651513595245146,0.014263896620206058,0.46485273057411369,0.47741971124343002,-0.0017902606561560168,0.040633422317773338,8,0
5-6-9,5,6,9,2,5,10,10,ok,0.021895139821705274,0.02207036509657807,0.35793343915308495,0.34705673958099148,0.016523157784086855,0.015061093191624339,0.35458889464020715,0.34452479322338547,-0.0053719820376184196,-0.0033445445128778006,9,4
5-6-10,5,6,10,2,5,10,10,ok,0.022461281423576673,0.023695280682157503,0.2735694878325135,0.2881129822664974,0.021790690657994955,0.020038097452056799,0.25333324739432367,0.26819901033079002,-0.00067059076558171823,-0.020236240438189834,8,6
5-6-11,5,6,11,2,5,10,10,ok,0.023185717684159547,0.022603392051237167,0.30407870536478254,0.33343729598151961,0.021377036249012941,0.021074671443119392,0.26115431917589887,0.3092174401621382,-0.0018086814351466057,-0.042924386188883668,8,9
5-6-12,5,6,12,2,5,10,10,ok,0.025237074714564517,0.024442195800331246,0.28771479240897924,0.32189386711295304,0.022236574362892059,0.021866322530845285,0.2654030078000077,0.31044229813785462,-0.0030005003516724582,-0.022311784608971541,9,8
5-7-8,5,7,8,2,5,10,10,ok,0.048356829357066075,0.045385241029627911,0.76430772087610088,0.76099323570429434,0.053549076879591914,0.051996179966237177,0.77676517118198496,0.76414924217024494,0.0051922475225258391,0.012457450305884077,0,2
5-7-9,5,7,9,2,5,10,10,ok,0.01424622085034059,0.011982391020988161,0.51805094561313081,0.50429044058595318,0.018687327002056588,0.017021068026516213,0.5097778188529124,0.4910177756469345,0.0044411061517159976,-0.0082731267602184078,1,3
5-7-10,5,7,10,2,5,10,10,ok,0.015972768389144743,0.016096523930032778,0.53034793435436078,0.53384989694109208,0.018618594019292715,0.016923701167898205,0.51868843747879589,0.53041826464152875,0.002645825630147973,-0.01165949687556489,1,5
5-7-11,5,7,11,2,5,10,10,ok,0.014377279427979136,0.013328784832738947,0.58777834987497835,0.58654396639544404,0.017753931934731605,0.018837287686486168,0.55548164234154351,0.57782503461726664,0.0033766525067524689,-0.032296707533434832,0,7
5-7-12,5,7,12,2,5,10,10,ok,0.014263063307946851,0.0097749148819363633,0.5873897498974664,0.57045299283806261,0.020234251672743741,0.020931069024814945,0.61633124452720744,0.62915056605997044,0.0059711883647968894,0.028941494629741049,1,1
5-8-9,5,8,9,2,5,10,10,ok,0.030808612355066167,0.033606440737979859,0.32632966298347776,0.32514370715798557,0.024489443497352128,0.025185266172636736,0.29760085456713986,0.27681538519122156,-0.0063191688577140387,-0.028728808416337903,9,7
5-8-10,5,8,10,2,5,10,10,ok,0.012051062237821911,0.012774760204714797,0.41516421863016212,0.41972505002332583,0.018397114329410796,0.017998660405943726,0.43799470542674807,0.44007282096616884,0.0063460520915888854,0.022830486796585947,3,1
5-8-11,5,8,11,2,5,10,10,ok,0.013156486424175506,0.013162965665634692,0.50459479999020951,0.50479074228561083,0.018201691894035883,0.019051731916896554,0.51974069633287656,0.51228009381580475,0.0050452054698603768,0.015145896342667053,0,2
5-8-12,5,8,12,2,5,10,10,ok,0.019619642543349934,0.018486910946097578,0.50010242778701264,0.43653234128935503,0.018039780436493767,0.01645804626001195,0.53764754451791397,0.49782032990175978,-0.0015798621068561676,0.037545116730901329,6,1
5-9-10,5,9,10,2,5,10,10,ok,0.020073933436455093,0.021502809904671915,0.26526097052168918,0.26367565790496839,0.015234792930377619,0.015676395437144126,0.22658409769168975,0.22600443427508404,-0.0048391405060774738,-0.038676872829999431,10,9
5-9-11,5,9,11,2,5,10,10,ok,0.013450267905832976,0.012481032001799753,0.34565184926716103,0.34280377760686542,0.010779456923505435,0.009441411396539914,0.31608638819219903,0.31064474370909878,-0.0026708109823275414,-0.029565461074961996,9,10
5-9-12,5,9,12,2,5,10,10,ok,0.015097443464260127,0.016700076672476635,0.43284221462685224,0.42877774292411486,0.013627115528602107,0.013524569151727103,0.40733866590971368,0.38832365066956986,-0.0014703279356580203,-0.025503548717138558,7,8
5-10-11,5,10,11,2,5,10,10,ok,0.030528523090889364,0.028939048870463426,0.19597971244726778,0.20005536252453054,0.029010003875165457,0.026379882007654745,0.1711439001309874,0.16959503209023552,-0.0015185192157239069,-0.024835812316280376,7,8
5-10-12,5,10,12,2,5,10,10,ok,0.027557731679360032,0.02532521943556288,0.21199525391967028,0.22927402238756051,0.023396377902520887,0.020694408778852452,0.18289467702526735,0.17827634392485309,-0.0041613537768391447,-0.02910057689440293,10,9
5-11-12,5,11,12,2,5,10,10,ok,0.023179545920907891,0.018349497893321222,0.30499206434830217,0.32169235931616375,0.017856622522781272,0.017005902157705831,0.31099004148367881,0.32190003068793482,-0.0053229233981266187,0.005997977135376642,8,4
6-7-8,6,7,8,2,5,10,10,ok,0.052789767986598665,0.051779586797166655,0.74834239693837856,0.73948865793756602,0.054640841259147956,0.052243555092679972,0.71566317592146433,0.72909080371137025,0.0018510732725492904,-0.032679221016914228,2,7
6-7-9,6,7,9,2,5,10,10,ok,0.0159164625523791,0.01432743169379375,0.52192782762386802,0.51366619096532506,0.017449310035320999,0.013593062838324396,0.48018799851286287,0.47754845999017004,0.0015328474829418987,-0.041739829111005156,3,7
6-7-10,6,7,10,2,5,10,10,ok,0.011535191718386191,0.0099671546331286404,0.4361155698226945,0.43941977589107684,0.010335276743779039,0.011443433416524585,0.39924194648881067,0.41249481764479723,-0.0011999149746071518,-0.036873623333883832,7,9
6-7-11,6,7,11,2,5,10,10,ok,0.01153848483577417,0.01272497910998561,0.44686502117548105,0.48086789833819948,0.014064953338386272,0.015624912878989285,0.37195396476476111,0.40823669554105074,0.0025264685026121017,-0.074911056410719934,5,10
6-7-12,6,7,12,2,5,10,10,ok,0.0149654991565281,0.017596895428071697,0.49025082262934394,0.49207147504101506,0.018554799770345649,0.018976615502595103,0.43745154753314175,0.48079758442955201,0.003589300613817549,-0.052799275096202192,1,9
6-8-9,6,8,9,2,5,10,10,ok,0.032711363566889057,0.034714087349650577,0.31272600051540661,0.29545915974479675,0.02885927986875117,0.028312672560960574,0.28586710292363415,0.26540109620329644,-0.003852083698137887,-0.026858897591772457,7,8
6-8-10,6,8,10,2,5,10,10,ok,0.011591268593876594,0.012269286691987617,0.40356799829872625,0.3957711505533118,0.015175964516149932,0.014543776367541658,0.40226636235878155,0.39508741989704654,0.0035846959222733382,-0.0013016359399447008,3,5
6-8-11,6,8,11,2,5,10,10,ok,0.012794174410022641,0.012571327206399963,0.44411349977925313,0.44863846602599494,0.014185389553771854,0.01391929891637113,0.40549868947797008,0.44609810024454477,0.0013912151437492134,-0.038614810301283053,4,8
6-8-12,6,8,12,2,5,10,10,ok,0.020758049429957598,0.019960277996845893,0.43895309791934684,0.41185415759500943,0.022581383397994127,0.019946005413618136,0.38980864506134261,0.41206471063289291,0.0018233339680365293,-0.049144452858004228,4,8
6-9-10,6,9,10,2,5,10,10,ok,0.019462143127877404,0.019655947209843153,0.284871097774549,0.28773859790867073,0.015646241580974878,0.015098218224922046,0.23944137164660248,0.22655360798875618,-0.0038159015469025268,-0.045429726127946518,10,9
6-9-11,6,9,11,2,5,10,10,ok,0.01471638439751274,0.012149164058833185,0.33622985686219914,0.33982360537123502,0.013083723840781363,0.010655852529315517,0.29087576208703242,0.27543922389321335,-0.0016326605567313773,-0.04535409477516672,7,10
6-9-12,6,9,12,2,5,10,10,ok,0.014840025579616556,0.013865338172961093,0.41290830093866615,0.41632198666277709,0.015432492191956023,0.015609815332796517,0.35843703792683862,0.37831772976741251,0.00059246661233946715,-0.054471263011827531,6,10
6-10-11,6,10,11,2,5,10,10,ok,0.033446712996142935,0.03247060630369436,0.21864873822050712,0.22500402273936188,0.033411456005592699,0.032984836965402754,0.20041971218140447,0.19287212269181697,-3.5256990550236456e-05,-0.018229026039102647,6,8
6-10-12,6,10,12,2,5,10,10,ok,0.029938442807943159,0.028790797522044283,0.21976043087233851,0.21638788344960658,0.025449208209662767,0.023630862060827609,0.19733785564955253,0.18630432955684623,-0.0044892345982803922,-0.022422575222785984,10,8
6-11-12,6,11,12,2,5,10,10,ok,0.026489786161120604,0.02173003084722451,0.29656585646744116,0.31540760923839695,0.02052870400424011,0.019469845654123893,0.31338482391725664,0.33108637740265967,-0.0059610821568804942,0.016818967449815481,9,3
7-8-9,7,8,9,1,3,0,10,invalid_geometry,,,,,,,,,,,0,0
7-8-10,7,8,10,2,5,10,10,ok,0.030846166528842599,0.030122312603766736,0.47721894989745967,0.43952307141666069,0.034212322700846662,0.033834071818418868,0.5079206204928759,0.47704530798998757,0.0033661561720040624,0.030701670595416231,3,3
7-8-11,7,8,11,2,5,10,10,ok,0.030142700263001816,0.031358761124682617,0.45830083011627315,0.43803824950314518,0.035929187432380327,0.035031402576007967,0.50420053815028909,0.50676912463454005,0.0057864871693785111,0.04589970803401594,0,0
7-8-12,7,8,12,2,5,10,10,ok,0.0322805499336076,0.03434302885687731,0.38288938123330907,0.36499968453765563,0.03383092683410871,0.034962346141819839,0.36905273186189225,0.3611635508029668,0.0015503769005011103,-0.01383664937141682,5,7
7-9-10,7,9,10,2,5,10,10,ok,0.020117512614721146,0.018591266781663701,0.32485609557214973,0.3001301344851085,0.021719627403840598,0.021075243953979014,0.26068576889032313,0.20972396475749089,0.001602114789119452,-0.064170326681826595,2,10
7-9-11,7,9,11,2,5,10,10,ok,0.016325604134646794,0.016204446812187558,0.30056454711862829,0.29283933960459452,0.016545892614815934,0.017241550985629135,0.24323297000040531,0.22474559234142405,0.0002202884801691396,-0.057331577118222982,5,10
7-9-12,7,9,12,2,5,10,10,ok,0.014390664285574775,0.015016859218866353,0.21451738362583517,0.19253519798900365,0.014833157228890647,0.014919787765056262,0.13187640061027756,0.099389838981958967,0.00044249294331587252,-0.082640983015557612,6,10
7-10-11,7,10,11,2,5,10,10,ok,0.028540458406558965,0.030838521080613683,0.44854629209263663,0.43880962462479889,0.029935491270737091,0.029507827156649798,0.44047269163081637,0.41891145157087439,0.0013950328641781258,-0.0080736004618202628,4,9
7-10-12,7,10,12,2,5,10,10,ok,0.027391801676750864,0.028893032150445332,0.44535145572383017,0.4305658702777358,0.027142686434655255,0.028678967224985037,0.45485216538689005,0.42824290158544376,-0.00024911524209560859,0.0095007096630598808,6,5
7-11-12,7,11,12,2,5,10,10,ok,0.024721521179599738,0.023925844390472482,0.50677836881532723,0.48684993960357403,0.026875989197673106,0.024883834356173397,0.62571904493470343,0.61968602007213214,0.0021544680180733689,0.1189406761193762,4,0
8-9-10,8,9,10,2,5,10,10,ok,0.030359760363873896,0.029246823104685349,0.23077366672614114,0.19896629949713096,0.035494785287449419,0.031989862788994343,0.19297602586161916,0.16004151520784088,0.0051350249235755235,-0.037797640864521975,3,6
8-9-11,8,9,11,2,5,10,10,ok,0.023298957651139391,0.022932962495748561,0.2422194823539682,0.2176549422112915,0.026893529718059656,0.0269599950385589,0.16530126534070272,0.16259768897994931,0.0035945720669202652,-0.076918217013265483,4,9
8-9-12,8,9,12,2,5,10,10,ok,0.025961207129768814,0.02607406038236354,0.17406612798585944,0.15058675384497544,0.030045258807083041,0.030232701866243328,0.11245535139099438,0.094546355137730714,0.0040840516773142273,-0.061610776594865052,1,7
8-10-11,8,10,11,2,5,10,10,ok,0.031580338714437835,0.033431317036962373,0.23726168571877326,0.25232494088307433,0.027567296009760905,0.030007992938958353,0.23832809823758788,0.23094261516257841,-0.0040130427046769293,0.001066412518814619,10,7
8-10-12,8,10,12,2,5,10,10,ok,0.026460101743787112,0.028210436967748297,0.28228518338161823,0.27844131755538082,0.023877944058150895,0.025417720840936929,0.28474906595757432,0.2814675286460725,-0.0025821576856362161,0.0024638825759560889,9,7
8-11-12,8,11,12,2,5,10,10,ok,0.021038277982844869,0.021876324075749569,0.39965005145892368,0.41139059923551885,0.022228793637031431,0.022501463735941682,0.47791845988269416,0.47375303911994615,0.0011905156541865622,0.078268408423770475,3,0
9-10-11,9,10,11,2,5,10,10,ok,0.044821582903912922,0.045924497833656645,0.25290232308040428,0.23215298390931133,0.045530922709179592,0.047527676534444854,0.2887934975780766,0.26069567737406008,0.00070933980526666912,0.035891174497672318,5,2
9-10-12,9,10,12,2,5,10,10,ok,0.038023164298304921,0.041384094079032527,0.20083208559176319,0.18615827673116142,0.037399516924758333,0.04089418506199298,0.17447866813145954,0.17414378629940191,-0.0006236473735465875,-0.026353417460303646,6,9
9-11-12,9,11,12,2,5,10,10,ok,0.029503405380261683,0.031470515139617364,0.25841588227827106,0.24900042621064741,0.027432701030948203,0.02951200098261875,0.23066374996427719,0.24064277233659553,-0.0020707043493134805,-0.027752132313993871,9,10
10-11-12,10,11,12,1,3,0,10,invalid_geometry,,,,,,,,,,,0,0
