sensor_1_x,sensor_1_y,sensor_1_z,sensor_2_x,sensor_2_y,sensor_2_z,sensor_3_x,sensor_3_y,sensor_3_z,sensor_4_x,sensor_4_y,sensor_4_z,sensor_5_x,sensor_5_y,sensor_5_z,sensor_6_x,sensor_6_y,sensor_6_z,sensor_7_x,sensor_7_y,sensor_7_z,sensor_8_x,sensor_8_y,sensor_8_z,sensor_9_x,sensor_9_y,sensor_9_z,sensor_10_x,sensor_10_y,sensor_10_z,sensor_11_x,sensor_11_y,sensor_11_z,sensor_12_x,sensor_12_y,sensor_12_z
-0.314551,9.607031,-0.258203,-0.334961,9.44873,-0.180664,-0.429004,9.491211,-0.359961,-0.149512,-9.530469,0.299023,-0.199707,-9.666113,0.10791,-0.334082,-9.457617,0.131543,0.270801,-9.431934,0.229492,0.294336,-9.444629,0.06084,0.482031,-9.455859,-0.089258,0.441211,9.388477,-0.152148,0.122168,9.355566,-0.236523,0.115234,9.462402,-0.100293
-0.315234,9.606445,-0.25918,-0.335645,9.448145,-0.176953,-0.429492,9.490332,-0.357031,-0.149609,-9.52793,0.299316,-0.199902,-9.666211,0.108594,-0.33418,-9.456641,0.130078,0.27168,-9.431152,0.230469,0.294336,-9.444629,0.06084,0.480859,-9.455859,-0.089258,0.441211,9.38877,-0.15293,0.121777,9.355566,-0.234277,0.115234,9.462402,-0.099902
-0.313867,9.606445,-0.258887,-0.335352,9.44834,-0.176953,-0.429492,9.492871,-0.357031,-0.149609,-9.526367,0.297852,-0.200195,-9.665918,0.109277,-0.334668,-9.455371,0.130469,0.271777,-9.431152,0.230469,0.294824,-9.444434,0.060645,0.481055,-9.454492,-0.089453,0.441211,9.385938,-0.152637,0.12168,9.353223,-0.234082,0.115332,9.462305,-0.1
-0.313867,9.606152,-0.258887,-0.335352,9.44834,-0.176758,-0.429492,9.49209,-0.356836,-0.149609,-9.527051,0.300391,-0.200195,-9.666504,0.109473,-0.334375,-9.455371,0.131152,0.271582,-9.432422,0.230469,0.294141,-9.445801,0.060742,0.480371,-9.454492,-0.087891,0.444727,9.441895,-0.154785,0.122656,9.353418,-0.233691,0.114355,9.462598,-0.100098
-0.313867,9.604199,-0.258594,-0.335156,9.450586,-0.176758,-0.429297,9.491895,-0.356836,-0.149316,-9.527051,0.298926,-0.201563,-9.664355,0.109863,-0.334375,-9.455469,0.131152,0.271289,-9.432422,0.231738,0.294043,-9.442969,0.062695,0.480371,-9.455273,-0.086523,0.445703,9.458691,-0.154492,0.123242,9.35459,-0.233789,0.11377,9.459863,-0.099316
-0.314063,9.607227,-0.258594,-0.335156,9.44834,-0.176758,-0.429102,9.491895,-0.356836,-0.149707,-9.52832,0.301074,-0.200684,-9.664844,0.108594,-0.334473,-9.455566,0.132227,0.270996,-9.433105,0.231738,0.293945,-9.442969,0.059863,0.480078,-9.455273,-0.086133,0.445605,9.459766,-0.153516,0.123633,9.354688,-0.233789,0.114258,9.460059,-0.097559
-0.313281,9.607129,-0.258594,-0.335547,9.447461,-0.176465,-0.428906,9.492871,-0.358301,-0.150586,-9.529199,0.299707,-0.199414,-9.666895,0.108008,-0.334473,-9.455566,0.132129,0.271094,-9.433984,0.231738,0.293164,-9.442676,0.060254,0.480859,-9.457422,-0.087402,0.444629,9.460645,-0.152734,0.122266,9.352539,-0.23418,0.114258,9.460059,-0.098633
-0.31377,9.607129,-0.259082,-0.336523,9.447852,-0.176758,-0.429883,9.492676,-0.357324,-0.150684,-9.528809,0.299121,-0.199316,-9.665625,0.107813,-0.333301,-9.455859,0.130762,0.27168,-9.435645,0.228613,0.294434,-9.446289,0.060156,0.481152,-9.457422,-0.090332,0.444434,9.460938,-0.152246,0.123145,9.354004,-0.233496,0.11416,9.463672,-0.098926
-0.313477,9.60752,-0.259082,-0.33623,9.446289,-0.176758,-0.429297,9.493555,-0.358594,-0.151172,-9.528809,0.298535,-0.200488,-9.665039,0.107813,-0.334082,-9.456055,0.130762,0.271875,-9.436133,0.228223,0.294238,-9.447461,0.060059,0.481348,-9.456934,-0.089258,0.445801,9.460742,-0.151953,0.123242,9.35459,-0.235645,0.11416,9.461816,-0.101172
-0.313379,9.607324,-0.260352,-0.335352,9.44707,-0.178223,-0.429297,9.493848,-0.358594,-0.149902,-9.528613,0.298633,-0.2,-9.665918,0.109668,-0.33418,-9.456055,0.13125,0.271387,-9.436523,0.230957,0.293164,-9.447754,0.059473,0.481055,-9.457227,-0.085254,0.445508,9.461621,-0.151953,0.123535,9.354492,-0.235352,0.11543,9.462402,-0.101758
-0.312793,9.607715,-0.258301,-0.335352,9.449512,-0.178223,-0.429297,9.495313,-0.358887,-0.149805,-9.529687,0.298633,-0.199414,-9.66709,0.108984,-0.333887,-9.455762,0.132812,0.270996,-9.437695,0.231152,0.292578,-9.447852,0.062207,0.481055,-9.460059,-0.086035,0.44502,9.463867,-0.151562,0.121191,9.355176,-0.232617,0.114844,9.462012,-0.098828
-0.313086,9.607715,-0.258105,-0.335742,9.451074,-0.178223,-0.428613,9.495313,-0.358105,-0.149805,-9.52959,0.299219,-0.198242,-9.668359,0.111328,-0.333594,-9.460156,0.133008,0.27207,-9.438574,0.227832,0.294434,-9.447852,0.062891,0.480664,-9.459668,-0.088574,0.445312,9.463281,-0.152246,0.122168,9.355176,-0.23252,0.113965,9.462402,-0.097656
-0.312598,9.607715,-0.260352,-0.331934,9.450293,-0.179199,-0.426465,9.494531,-0.358301,-0.14707,-9.528027,0.30166,-0.19668,-9.667188,0.109766,-0.332031,-9.457129,0.133496,0.268652,-9.434766,0.22959,0.291602,-9.447559,0.059961,0.47793,-9.459668,-0.090039,0.441699,9.460352,-0.149512,0.118945,9.355762,-0.232324,0.111816,9.464844,-0.095801
-0.305371,9.608008,-0.263867,-0.328906,9.452051,-0.184375,-0.422656,9.494629,-0.363672,-0.142676,-9.528027,0.304297,-0.191797,-9.667188,0.11416,-0.326758,-9.458105,0.134375,0.264355,-9.43623,0.225098,0.286816,-9.447852,0.060449,0.473828,-9.460449,-0.091895,0.437109,9.462109,-0.147363,0.115332,9.355859,-0.229395,0.107715,9.465234,-0.096777
-0.303027,9.60791,-0.267969,-0.323828,9.452344,-0.18584,-0.418945,9.494434,-0.364941,-0.139258,-9.528516,0.307715,-0.187695,-9.66875,0.11582,-0.322656,-9.458398,0.137598,0.258887,-9.437891,0.224512,0.281836,-9.445117,0.056055,0.469922,-9.460254,-0.092383,0.433105,9.464258,-0.145117,0.112988,9.356152,-0.226367,0.104199,9.465527,-0.093066
-0.299414,9.610547,-0.270703,-0.320996,9.452344,-0.18916,-0.414062,9.496094,-0.371191,-0.135645,-9.527832,0.30957,-0.184668,-9.666211,0.12002,-0.318262,-9.458496,0.14209,0.255859,-9.437012,0.221484,0.277637,-9.445117,0.048535,0.466211,-9.460547,-0.099219,0.429297,9.464258,-0.14082,0.108789,9.356152,-0.222363,0.099219,9.465039,-0.088379
-0.293262,9.610254,-0.275781,-0.316406,9.452246,-0.192188,-0.409473,9.498145,-0.374316,-0.129297,-9.52793,0.313086,-0.178711,-9.667676,0.125195,-0.313477,-9.458496,0.146973,0.252441,-9.436328,0.21709,0.273242,-9.448047,0.047461,0.461133,-9.460547,-0.1,0.426465,9.465234,-0.136914,0.102148,9.355078,-0.219141,0.094336,9.464551,-0.08457
-0.288965,9.608691,-0.278125,-0.312012,9.452148,-0.196289,-0.40459,9.493652,-0.377246,-0.124609,-9.52793,0.318164,-0.174316,-9.664355,0.125879,-0.308594,-9.458594,0.14873,0.247559,-9.436328,0.213379,0.268262,-9.446777,0.044727,0.455859,-9.461523,-0.103027,0.419531,9.465234,-0.137207,0.097949,9.35459,-0.217871,0.089648,9.463281,-0.083984
-0.283984,9.609277,-0.280762,-0.307031,9.454297,-0.196582,-0.399512,9.495117,-0.378223,-0.12002,-9.528516,0.320996,-0.169434,-9.664551,0.129395,-0.304199,-9.460156,0.152051,0.241309,-9.438965,0.211328,0.263184,-9.447461,0.042773,0.451074,-9.461523,-0.105469,0.415039,9.465527,-0.133789,0.091211,9.35459,-0.217383,0.083496,9.462695,-0.080371
-0.278711,9.60957,-0.281055,-0.302246,9.450488,-0.200098,-0.395605,9.495996,-0.378809,-0.115039,-9.529102,0.319238,-0.164453,-9.666504,0.128125,-0.299609,-9.461133,0.152734,0.236133,-9.438574,0.211426,0.259082,-9.445508,0.041406,0.445801,-9.461133,-0.108008,0.409961,9.462305,-0.13252,0.087012,9.35752,-0.214355,0.079785,9.46416,-0.080078
-0.272949,9.611719,-0.283984,-0.295508,9.453027,-0.204492,-0.388672,9.495996,-0.38291,-0.110352,-9.529102,0.322656,-0.159961,-9.666309,0.132324,-0.292969,-9.461328,0.156348,0.231348,-9.436816,0.208398,0.252832,-9.444043,0.039941,0.440527,-9.46416,-0.109082,0.404102,9.462891,-0.128125,0.081641,9.35752,-0.211035,0.074707,9.468652,-0.07793
-0.267676,9.611426,-0.28584,-0.29043,9.453125,-0.205566,-0.384961,9.495801,-0.383496,-0.104004,-9.529004,0.32334,-0.153809,-9.667676,0.135059,-0.287207,-9.462012,0.15752,0.226465,-9.437891,0.205957,0.246973,-9.444141,0.037402,0.433691,-9.462109,-0.111621,0.39873,9.465039,-0.127051,0.075684,9.357715,-0.209277,0.067871,9.46709,-0.077246
-0.261523,9.609766,-0.289062,-0.285254,9.453125,-0.206055,-0.379004,9.496094,-0.384082,-0.099902,-9.527051,0.325977,-0.148926,-9.66543,0.138281,-0.282715,-9.460449,0.156738,0.220312,-9.439355,0.206543,0.241309,-9.442969,0.037207,0.429004,-9.462109,-0.113379,0.393066,9.466016,-0.125586,0.070898,9.355078,-0.208008,0.063086,9.466309,-0.074316
-0.256836,9.610352,-0.290625,-0.280469,9.450977,-0.206348,-0.373437,9.496094,-0.389551,-0.094336,-9.526367,0.327148,-0.143457,-9.664062,0.136621,-0.276855,-9.460449,0.159473,0.216309,-9.436523,0.206152,0.236719,-9.443359,0.03457,0.424707,-9.462109,-0.114258,0.388184,9.463477,-0.125293,0.067578,9.356641,-0.205273,0.057715,9.466309,-0.072461
-0.251172,9.611328,-0.29043,-0.273926,9.455664,-0.208496,-0.367578,9.496094,-0.38877,-0.088281,-9.526074,0.327734,-0.137598,-9.664551,0.136719,-0.272461,-9.460742,0.161816,0.209668,-9.437402,0.203906,0.232227,-9.443359,0.034375,0.418164,-9.462598,-0.116113,0.38291,9.463477,-0.125293,0.060742,9.357031,-0.206348,0.052832,9.465332,-0.071289
-0.245703,9.608887,-0.291211,-0.270801,9.45459,-0.20957,-0.362695,9.492383,-0.388281,-0.083887,-9.525488,0.330078,-0.132129,-9.663672,0.139648,-0.266406,-9.455566,0.162012,0.20625,-9.433594,0.199902,0.225879,-9.442969,0.037109,0.413086,-9.461816,-0.114844,0.378223,9.463184,-0.122266,0.054883,9.354199,-0.203906,0.047168,9.464941,-0.068262
-0.239844,9.608301,-0.291016,-0.265137,9.45459,-0.21123,-0.358008,9.492969,-0.390527,-0.078809,-9.525488,0.33125,-0.125195,-9.663477,0.139551,-0.260352,-9.456152,0.162402,0.198926,-9.434473,0.199902,0.219336,-9.444434,0.032324,0.408496,-9.462305,-0.117285,0.371777,9.462207,-0.12207,0.049707,9.355176,-0.203809,0.041309,9.464258,-0.068066
-0.234961,9.609668,-0.292187,-0.258887,9.455078,-0.211035,-0.353125,9.496777,-0.390234,-0.07207,-9.527148,0.332227,-0.119336,-9.667188,0.141113,-0.256543,-9.458398,0.163379,0.194336,-9.437012,0.199707,0.216504,-9.444434,0.033594,0.40166,-9.465625,-0.116211,0.366211,9.464844,-0.122168,0.045312,9.355273,-0.203613,0.036035,9.464258,-0.068066
-0.229199,9.610352,-0.291602,-0.253223,9.455566,-0.213574,-0.345996,9.498535,-0.393555,-0.06709,-9.526953,0.332031,-0.11582,-9.666211,0.14082,-0.249609,-9.458398,0.164062,0.188086,-9.439648,0.197852,0.209082,-9.444434,0.031348,0.396875,-9.463477,-0.118262,0.359766,9.464844,-0.121973,0.039258,9.357129,-0.203906,0.030566,9.46543,-0.068066
-0.223926,9.610352,-0.294824,-0.247559,9.454883,-0.213867,-0.340723,9.497656,-0.394336,-0.0625,-9.525,0.333789,-0.108203,-9.666211,0.140918,-0.244922,-9.459473,0.164258,0.18252,-9.435742,0.19834,0.203223,-9.444434,0.031543,0.390918,-9.463477,-0.118262,0.355762,9.466504,-0.121973,0.033301,9.356152,-0.20332,0.024609,9.46543,-0.066406
-0.216016,9.611426,-0.295215,-0.241504,9.454883,-0.21416,-0.334375,9.497266,-0.394531,-0.055664,-9.528906,0.335254,-0.103418,-9.666602,0.140918,-0.237109,-9.458594,0.162012,0.177637,-9.437402,0.198828,0.197852,-9.445215,0.031836,0.385352,-9.46377,-0.118359,0.349609,9.466895,-0.121484,0.028027,9.356836,-0.201563,0.018457,9.465625,-0.067187
-0.21084,9.611426,-0.296191,-0.235742,9.454883,-0.212598,-0.32959,9.497266,-0.39375,-0.049609,-9.528613,0.33291,-0.099805,-9.665234,0.140918,-0.232129,-9.459668,0.161816,0.173047,-9.437109,0.198828,0.192383,-9.44668,0.031836,0.379102,-9.464258,-0.120313,0.343262,9.467187,-0.120801,0.022168,9.356836,-0.200879,0.014063,9.465918,-0.067285
-0.204883,9.612793,-0.295605,-0.229883,9.454883,-0.213574,-0.324609,9.497266,-0.391992,-0.043945,-9.528613,0.333887,-0.090332,-9.667285,0.140918,-0.227148,-9.459766,0.162109,0.165625,-9.436914,0.198437,0.185547,-9.448145,0.030371,0.374219,-9.462402,-0.119336,0.338477,9.466699,-0.120605,0.015625,9.356055,-0.20127,0.00791,9.464844,-0.065918
-0.198535,9.6125,-0.295996,-0.224414,9.455273,-0.214062,-0.318652,9.495898,-0.395508,-0.038672,-9.526465,0.332227,-0.086426,-9.666211,0.141016,-0.221777,-9.45957,0.164355,0.160449,-9.436914,0.197656,0.180859,-9.443066,0.030469,0.368555,-9.460449,-0.120898,0.33291,9.466504,-0.120605,0.010547,9.358398,-0.201855,0.002832,9.464746,-0.066602
-0.192188,9.611719,-0.297559,-0.21748,9.455273,-0.216309,-0.312891,9.496094,-0.395508,-0.031641,-9.526074,0.331348,-0.08125,-9.666602,0.141016,-0.215625,-9.459668,0.164355,0.154004,-9.438379,0.197656,0.174414,-9.443457,0.030469,0.361523,-9.460059,-0.117773,0.325879,9.466504,-0.119824,0.005566,9.357227,-0.200879,-0.002051,9.464746,-0.066699
-0.185352,9.612891,-0.297559,-0.213574,9.455566,-0.216309,-0.305957,9.497363,-0.395508,-0.025977,-9.527832,0.331348,-0.072949,-9.666504,0.140625,-0.20918,-9.460254,0.164551,0.14873,-9.436914,0.19707,0.168945,-9.443457,0.030859,0.356836,-9.461328,-0.118652,0.320215,9.466016,-0.119531,-9.8e-05,9.357227,-0.200879,-0.008008,9.464746,-0.066699
-0.181348,9.612891,-0.300195,-0.208203,9.455371,-0.217285,-0.300098,9.496973,-0.395215,-0.021387,-9.528516,0.333301,-0.068652,-9.667676,0.145215,-0.204297,-9.459668,0.164551,0.142871,-9.435742,0.198242,0.16377,-9.445117,0.033398,0.350488,-9.462207,-0.119434,0.314063,9.466211,-0.120996,-0.005859,9.358984,-0.200977,-0.013281,9.464355,-0.066992
-0.175,9.613086,-0.299316,-0.201855,9.455957,-0.216211,-0.294238,9.499902,-0.395313,-0.01582,-9.529004,0.331348,-0.062402,-9.667578,0.143262,-0.197461,-9.460254,0.16377,0.137012,-9.437793,0.199023,0.157324,-9.445215,0.03291,0.345313,-9.463867,-0.118066,0.30918,9.469043,-0.120898,-0.009668,9.357129,-0.19834,-0.018164,9.465039,-0.06875
-0.169727,9.612988,-0.295215,-0.195312,9.455957,-0.216211,-0.288965,9.500391,-0.395313,-0.010937,-9.529395,0.331152,-0.056934,-9.667578,0.142578,-0.191992,-9.460352,0.163086,0.131543,-9.436426,0.199023,0.15127,-9.447656,0.032715,0.339844,-9.465723,-0.11582,0.302832,9.469043,-0.120898,-0.01543,9.358984,-0.199121,-0.024023,9.465039,-0.06875
-0.162305,9.613477,-0.297168,-0.190527,9.455859,-0.215527,-0.282227,9.500684,-0.39541,-0.004492,-9.529785,0.33125,-0.049902,-9.66748,0.14209,-0.187109,-9.461328,0.163379,0.125391,-9.43584,0.199023,0.146484,-9.44834,0.032715,0.33457,-9.465723,-0.11582,0.297168,9.469629,-0.121191,-0.021875,9.357227,-0.200781,-0.030859,9.464355,-0.068848
-0.157324,9.6125,-0.297168,-0.184277,9.455859,-0.215039,-0.277051,9.497656,-0.395996,0.000293,-9.529004,0.33125,-0.044629,-9.667285,0.14209,-0.180371,-9.461035,0.162695,0.120508,-9.435352,0.2,0.139648,-9.448926,0.033691,0.327539,-9.46416,-0.116406,0.291406,9.469336,-0.12168,-0.027539,9.357227,-0.20332,-0.036133,9.464355,-0.069629
-0.151855,9.611523,-0.297168,-0.178125,9.455566,-0.215137,-0.271582,9.498047,-0.394434,0.005566,-9.528809,0.330371,-0.038672,-9.667285,0.141797,-0.174707,-9.461035,0.161523,0.11416,-9.436719,0.2,0.133984,-9.447754,0.034375,0.321387,-9.465039,-0.116211,0.286426,9.465625,-0.122656,-0.032715,9.357227,-0.204102,-0.04248,9.464551,-0.069727
-0.145898,9.614453,-0.294434,-0.172852,9.454395,-0.215137,-0.26709,9.501953,-0.394141,0.008691,-9.529395,0.330664,-0.032031,-9.666699,0.138281,-0.169727,-9.461035,0.160938,0.109375,-9.437207,0.20127,0.129688,-9.450684,0.037012,0.316699,-9.468066,-0.113867,0.280078,9.46709,-0.123828,-0.039062,9.357031,-0.206641,-0.047266,9.466699,-0.070996
-0.140723,9.612891,-0.294238,-0.166895,9.456836,-0.213965,-0.261328,9.500488,-0.393262,0.016113,-9.530859,0.330176,-0.025684,-9.66709,0.137793,-0.163965,-9.461133,0.160059,0.104297,-9.436914,0.200586,0.123828,-9.450684,0.037695,0.309961,-9.467871,-0.11416,0.275293,9.467187,-0.125391,-0.044043,9.357031,-0.205176,-0.052637,9.466309,-0.070898
-0.135449,9.613867,-0.290234,-0.161328,9.455469,-0.211426,-0.255566,9.498926,-0.389844,0.021973,-9.530566,0.327441,-0.02207,-9.66709,0.135449,-0.158203,-9.461328,0.157324,0.097656,-9.438281,0.203809,0.11748,-9.446191,0.038574,0.30459,-9.467871,-0.112207,0.269043,9.467187,-0.127637,-0.049609,9.357812,-0.207324,-0.057422,9.465918,-0.073047
-0.128125,9.61377,-0.290234,-0.155371,9.45625,-0.211035,-0.249512,9.498633,-0.389844,0.02627,-9.530566,0.325098,-0.015918,-9.669727,0.133984,-0.152539,-9.46123,0.154199,0.090723,-9.438574,0.204492,0.112402,-9.446289,0.039844,0.299707,-9.468359,-0.110645,0.263379,9.470508,-0.128809,-0.055957,9.357812,-0.207715,-0.064551,9.467871,-0.073828
-0.12334,9.616504,-0.290039,-0.150098,9.457812,-0.209961,-0.243457,9.498633,-0.389355,0.031445,-9.52998,0.325,-0.009766,-9.66875,0.132617,-0.146875,-9.462305,0.153418,0.088672,-9.437793,0.207031,0.106934,-9.446289,0.041992,0.293848,-9.47002,-0.10918,0.25791,9.469531,-0.129199,-0.058496,9.360059,-0.210156,-0.068945,9.466895,-0.076074
-0.117383,9.61543,-0.288281,-0.142969,9.459082,-0.206934,-0.236328,9.498242,-0.387793,0.037793,-9.53125,0.321582,-0.005371,-9.669043,0.135059,-0.141797,-9.462305,0.150488,0.082324,-9.438965,0.207422,0.10127,-9.449023,0.044629,0.287402,-9.46748,-0.105762,0.252637,9.469043,-0.130371,-0.06543,9.359766,-0.209961,-0.075391,9.466895,-0.076563
-0.111426,9.615332,-0.2875,-0.13916,9.458887,-0.207324,-0.233301,9.499805,-0.384668,0.044238,-9.531836,0.319043,-0.002148,-9.666895,0.129297,-0.136035,-9.462109,0.147559,0.076074,-9.438574,0.208887,0.096582,-9.449023,0.045508,0.283008,-9.468359,-0.105273,0.24707,9.470703,-0.135449,-0.070996,9.360254,-0.212793,-0.079785,9.469824,-0.080859
-0.106152,9.615332,-0.28457,-0.132812,9.45957,-0.205957,-0.227051,9.501953,-0.384082,0.047363,-9.531934,0.319531,0.004687,-9.670996,0.12666,-0.12959,-9.46416,0.147461,0.071973,-9.438574,0.2125,0.090137,-9.449023,0.046387,0.277441,-9.469336,-0.102637,0.241699,9.470605,-0.136426,-0.07666,9.358691,-0.216016,-0.085059,9.47002,-0.082422
-0.099609,9.615332,-0.282031,-0.128711,9.458398,-0.202051,-0.222363,9.502246,-0.381152,0.053027,-9.533789,0.315625,0.009082,-9.670117,0.123828,-0.125781,-9.46416,0.14502,0.066797,-9.440137,0.212988,0.087207,-9.44873,0.048828,0.273926,-9.469043,-0.101953,0.237305,9.47168,-0.137793,-0.081641,9.358203,-0.217871,-0.091895,9.466797,-0.08418
-0.095312,9.616113,-0.279492,-0.122852,9.460254,-0.200586,-0.21709,9.503027,-0.378418,0.059473,-9.53457,0.314258,0.014453,-9.670117,0.12373,-0.119824,-9.464355,0.140918,0.059961,-9.440625,0.214062,0.081055,-9.44873,0.052246,0.268457,-9.472363,-0.096484,0.22998,9.47168,-0.14043,-0.086621,9.359375,-0.219629,-0.09541,9.466504,-0.089453
-0.089648,9.616602,-0.277734,-0.118359,9.460059,-0.196973,-0.211719,9.503711,-0.377441,0.062891,-9.535449,0.311914,0.019043,-9.671777,0.119727,-0.115723,-9.463965,0.136914,0.056738,-9.44082,0.219238,0.076367,-9.44834,0.05625,0.263184,-9.472266,-0.095605,0.226367,9.471094,-0.141406,-0.092285,9.360254,-0.222852,-0.101172,9.468359,-0.090918
-0.084375,9.61709,-0.274805,-0.113477,9.460156,-0.194922,-0.206836,9.505176,-0.37168,0.070117,-9.536426,0.309961,0.024121,-9.672461,0.118848,-0.109375,-9.465234,0.136719,0.051562,-9.44082,0.22168,0.070312,-9.450098,0.060156,0.257422,-9.472266,-0.089648,0.221191,9.474023,-0.144727,-0.096582,9.360645,-0.223633,-0.106055,9.469727,-0.093066
-0.078516,9.618457,-0.274609,-0.10918,9.460156,-0.196191,-0.201953,9.506445,-0.370996,0.073535,-9.534277,0.308105,0.031348,-9.672949,0.116699,-0.106738,-9.466211,0.133496,0.047168,-9.44043,0.223438,0.067187,-9.450293,0.058398,0.252441,-9.472168,-0.090918,0.216895,9.474121,-0.146777,-0.100098,9.362305,-0.226367,-0.110352,9.470703,-0.095117
-0.074414,9.619043,-0.271289,-0.102832,9.4625,-0.191797,-0.195605,9.506152,-0.367383,0.078125,-9.538086,0.30625,0.035449,-9.673047,0.113379,-0.100879,-9.467871,0.13125,0.042676,-9.440625,0.227051,0.062109,-9.450293,0.062109,0.249609,-9.471973,-0.08623,0.2125,9.476074,-0.15127,-0.107031,9.362598,-0.229297,-0.115137,9.470801,-0.097949
-0.068848,9.62041,-0.267383,-0.098535,9.462598,-0.18877,-0.193066,9.507715,-0.364453,0.08252,-9.538086,0.301563,0.038574,-9.673047,0.108105,-0.096289,-9.467187,0.130469,0.038672,-9.44082,0.229687,0.057129,-9.449707,0.066699,0.244434,-9.47168,-0.083301,0.207227,9.475586,-0.154492,-0.11123,9.362598,-0.233105,-0.119629,9.470801,-0.100977
-0.065332,9.619922,-0.26543,-0.094824,9.463086,-0.185254,-0.187793,9.508594,-0.361328,0.087695,-9.538965,0.298047,0.04375,-9.674121,0.106348,-0.091309,-9.469043,0.125293,0.031641,-9.44082,0.235156,0.052246,-9.45332,0.07002,0.23877,-9.474023,-0.080859,0.203027,9.475586,-0.155957,-0.114844,9.362891,-0.234961,-0.123828,9.470801,-0.104297
-0.059277,9.621094,-0.262891,-0.088086,9.464258,-0.182422,-0.183496,9.508008,-0.358105,0.092676,-9.539844,0.294531,0.047168,-9.674707,0.104004,-0.0875,-9.469531,0.12207,0.029102,-9.441406,0.235547,0.047656,-9.452734,0.073828,0.234668,-9.475391,-0.076563,0.197754,9.475,-0.158008,-0.119727,9.364258,-0.237109,-0.128613,9.470605,-0.10752
-0.056445,9.621973,-0.257422,-0.085742,9.463086,-0.177441,-0.179883,9.508203,-0.356934,0.095801,-9.540234,0.290918,0.052246,-9.675293,0.09873,-0.083008,-9.469531,0.115625,0.023828,-9.441406,0.239941,0.043945,-9.452734,0.078223,0.22959,-9.474902,-0.074707,0.194043,9.476172,-0.163477,-0.12373,9.364258,-0.241602,-0.134375,9.470605,-0.108984
-0.051855,9.621973,-0.255273,-0.080176,9.464258,-0.175,-0.173926,9.50957,-0.353906,0.101172,-9.540234,0.288965,0.058691,-9.675,0.096484,-0.080078,-9.469434,0.116211,0.019531,-9.443848,0.243555,0.040137,-9.452734,0.07793,0.225977,-9.474902,-0.070508,0.189844,9.476855,-0.164551,-0.128809,9.361914,-0.245703,-0.137793,9.470605,-0.111426
-0.046875,9.622949,-0.249414,-0.076563,9.464551,-0.172168,-0.170215,9.50957,-0.348438,0.105078,-9.542578,0.285156,0.061816,-9.67793,0.091602,-0.076367,-9.471875,0.111328,0.017188,-9.443848,0.245117,0.034082,-9.453711,0.084375,0.22334,-9.475781,-0.065723,0.185938,9.477344,-0.170313,-0.132324,9.363477,-0.248145,-0.140332,9.47334,-0.117188
-0.042285,9.621973,-0.245312,-0.070703,9.464648,-0.169336,-0.16543,9.50957,-0.346777,0.109766,-9.543066,0.27959,0.064941,-9.676465,0.089258,-0.070312,-9.47168,0.10957,0.011719,-9.442969,0.248926,0.032129,-9.453906,0.087207,0.218359,-9.473633,-0.063477,0.180566,9.475977,-0.172559,-0.137402,9.363086,-0.253613,-0.144238,9.47334,-0.119434
-0.039258,9.621191,-0.243555,-0.06875,9.465234,-0.16709,-0.1625,9.509668,-0.344727,0.1125,-9.541699,0.277539,0.067871,-9.67627,0.083691,-0.068457,-9.47168,0.105859,0.009082,-9.444531,0.250586,0.028125,-9.453906,0.091016,0.215723,-9.474219,-0.058887,0.178027,9.475391,-0.175977,-0.138965,9.361523,-0.25957,-0.148828,9.47334,-0.126074
-0.034375,9.621094,-0.240234,-0.063086,9.461328,-0.1625,-0.158008,9.507129,-0.339648,0.115918,-9.540137,0.272754,0.073926,-9.675586,0.078711,-0.064551,-9.470996,0.102734,0.005762,-9.444531,0.258105,0.023926,-9.453027,0.095508,0.210156,-9.473047,-0.055469,0.173437,9.474902,-0.181738,-0.144824,9.360449,-0.25957,-0.15166,9.472852,-0.129688
-0.030957,9.621094,-0.235742,-0.059375,9.463867,-0.15752,-0.154688,9.508496,-0.335156,0.118555,-9.540332,0.269629,0.076758,-9.677246,0.07627,-0.060547,-9.469336,0.097559,0.001758,-9.44502,0.26084,0.021973,-9.452539,0.099512,0.208887,-9.47334,-0.051367,0.170508,9.475098,-0.185547,-0.148438,9.360645,-0.26377,-0.155664,9.472852,-0.131738
-0.026758,9.621387,-0.232031,-0.056934,9.464258,-0.153125,-0.150977,9.505957,-0.330469,0.123438,-9.540332,0.26582,0.079395,-9.677441,0.073145,-0.056738,-9.469336,0.092188,-0.001172,-9.442285,0.264746,0.017969,-9.450488,0.103613,0.204395,-9.474512,-0.046875,0.16709,9.475098,-0.189648,-0.151855,9.363477,-0.269238,-0.159668,9.471875,-0.135547
-0.024707,9.621387,-0.225781,-0.053125,9.465137,-0.146875,-0.14707,9.50752,-0.324219,0.125488,-9.54043,0.262402,0.084473,-9.679785,0.070215,-0.053906,-9.469629,0.089258,-0.003418,-9.441992,0.268555,0.01416,-9.451074,0.107324,0.201953,-9.474414,-0.043066,0.163867,9.47666,-0.193359,-0.154395,9.363086,-0.273926,-0.162402,9.474414,-0.139844
-0.020215,9.620801,-0.222754,-0.050488,9.466992,-0.143945,-0.144141,9.50752,-0.322461,0.128613,-9.541113,0.256738,0.087305,-9.678613,0.063477,-0.050879,-9.472363,0.083301,-0.007129,-9.44209,0.273438,0.01123,-9.453027,0.112793,0.19707,-9.473242,-0.037598,0.159473,9.477832,-0.197266,-0.159863,9.362402,-0.275488,-0.166309,9.473242,-0.144043
-0.015918,9.620801,-0.216992,-0.045605,9.466504,-0.139355,-0.141504,9.508984,-0.318848,0.13291,-9.542285,0.25332,0.09043,-9.677148,0.058594,-0.047559,-9.472363,0.080469,-0.008691,-9.442871,0.277246,0.008008,-9.452051,0.115527,0.195215,-9.472266,-0.037793,0.157031,9.477051,-0.200684,-0.159961,9.362402,-0.280273,-0.168555,9.475293,-0.148047
-0.013184,9.624609,-0.21377,-0.043848,9.468457,-0.137793,-0.1375,9.508984,-0.315332,0.136816,-9.544922,0.249316,0.093262,-9.679297,0.054102,-0.04541,-9.472949,0.076074,-0.012598,-9.442871,0.28457,0.005078,-9.452246,0.119922,0.191016,-9.475098,-0.030664,0.154688,9.479199,-0.206641,-0.163086,9.362207,-0.284473,-0.171094,9.477246,-0.152246
-0.011426,9.623242,-0.206445,-0.041797,9.467969,-0.131934,-0.135059,9.50791,-0.310352,0.138184,-9.544727,0.243945,0.096289,-9.67832,0.05166,-0.043164,-9.472852,0.072559,-0.014844,-9.441699,0.288184,0.003125,-9.452246,0.127344,0.189941,-9.474512,-0.025977,0.153223,9.478906,-0.210352,-0.166699,9.366406,-0.290137,-0.173828,9.476855,-0.158789
-0.008008,9.623828,-0.202051,-0.037109,9.467871,-0.128027,-0.132227,9.509473,-0.30625,0.141016,-9.543555,0.238184,0.098047,-9.680566,0.046191,-0.038574,-9.472852,0.066992,-0.018555,-9.441699,0.291504,0.001074,-9.452441,0.132031,0.186914,-9.474121,-0.020996,0.147168,9.477148,-0.214551,-0.170215,9.364551,-0.294141,-0.177246,9.474512,-0.163184
-0.005078,9.622852,-0.201465,-0.034961,9.467871,-0.12207,-0.129883,9.509863,-0.301465,0.14375,-9.543262,0.23623,0.100293,-9.679883,0.04209,-0.037598,-9.472852,0.062305,-0.019043,-9.44082,0.293359,-0.000293,-9.451367,0.136523,0.184863,-9.475391,-0.015918,0.145996,9.477832,-0.219434,-0.171582,9.364453,-0.298438,-0.179004,9.475879,-0.167578
-0.002539,9.625488,-0.194336,-0.031445,9.470215,-0.116504,-0.126855,9.510352,-0.293555,0.146094,-9.544531,0.228418,0.103418,-9.679883,0.036914,-0.035059,-9.475195,0.055664,-0.021973,-9.442285,0.300195,-0.002832,-9.453516,0.139551,0.183691,-9.475391,-0.011816,0.143457,9.479297,-0.223242,-0.175098,9.364453,-0.304883,-0.18252,9.477832,-0.171387
-0.001758,9.625391,-0.188672,-0.030859,9.469531,-0.11543,-0.124707,9.512891,-0.291211,0.148828,-9.545996,0.225391,0.105469,-9.679199,0.032324,-0.032324,-9.473633,0.051855,-0.024805,-9.442578,0.303809,-0.004297,-9.453027,0.144727,0.180273,-9.474805,-0.004785,0.14043,9.479297,-0.228711,-0.176855,9.36377,-0.306738,-0.183301,9.476855,-0.177832
0.001563,9.626758,-0.186328,-0.028516,9.470605,-0.108105,-0.122168,9.513086,-0.286133,0.150684,-9.545117,0.222363,0.108398,-9.680371,0.025781,-0.03291,-9.474707,0.046191,-0.027051,-9.442676,0.309375,-0.006152,-9.452344,0.150586,0.178809,-9.474414,-9.8e-05,0.139746,9.480371,-0.233887,-0.178223,9.363574,-0.313379,-0.185352,9.47627,-0.182324
0.003418,9.624219,-0.178516,-0.025781,9.468457,-0.104004,-0.12041,9.513086,-0.283496,0.151953,-9.547266,0.216309,0.109375,-9.680566,0.021875,-0.029883,-9.475488,0.040234,-0.027637,-9.444238,0.313672,-0.00752,-9.454395,0.155078,0.176758,-9.475586,0.003516,0.135449,9.480371,-0.240039,-0.180664,9.364062,-0.317383,-0.189258,9.475391,-0.186816
0.004102,9.625195,-0.174219,-0.024121,9.468359,-0.098535,-0.119141,9.511426,-0.27627,0.152441,-9.546777,0.209863,0.110254,-9.683105,0.015625,-0.027344,-9.475293,0.036133,-0.02959,-9.444727,0.319336,-0.008594,-9.455371,0.159766,0.174316,-9.477148,0.01084,0.135254,9.480371,-0.244531,-0.183008,9.362988,-0.322852,-0.189258,9.475,-0.19248
0.006641,9.627051,-0.169141,-0.023145,9.468359,-0.093066,-0.115625,9.514258,-0.272461,0.156836,-9.547949,0.204883,0.112891,-9.681934,0.011621,-0.026074,-9.477344,0.030176,-0.03252,-9.444727,0.323926,-0.010645,-9.455566,0.164941,0.173437,-9.477148,0.014648,0.133789,9.479297,-0.251367,-0.183008,9.363379,-0.32832,-0.19082,9.477441,-0.196777
0.006445,9.627344,-0.162598,-0.021094,9.468164,-0.089941,-0.116113,9.514258,-0.266113,0.155762,-9.546094,0.200391,0.114844,-9.681641,0.003516,-0.025879,-9.476367,0.025,-0.033203,-9.442871,0.332324,-0.012695,-9.455566,0.171484,0.172656,-9.477051,0.021484,0.131738,9.478711,-0.256348,-0.183984,9.363379,-0.335449,-0.192383,9.477051,-0.202148
0.008887,9.624414,-0.158301,-0.018555,9.467676,-0.082227,-0.115332,9.514258,-0.263379,0.157617,-9.545801,0.19502,0.115527,-9.681641,0.000879,-0.022266,-9.476367,0.01748,-0.033789,-9.44248,0.335449,-0.012109,-9.455273,0.17627,0.17207,-9.476074,0.025391,0.130371,9.476758,-0.261523,-0.186426,9.363379,-0.338965,-0.19375,9.477051,-0.208398
0.009277,9.625586,-0.152637,-0.01748,9.467676,-0.076172,-0.113867,9.514551,-0.25625,0.158301,-9.545801,0.187012,0.117383,-9.68291,-0.007129,-0.023828,-9.476953,0.012793,-0.035547,-9.442285,0.342773,-0.013672,-9.45459,0.180762,0.170898,-9.477734,0.030566,0.129004,9.481348,-0.267871,-0.187207,9.363672,-0.343359,-0.195508,9.477734,-0.213184
0.011035,9.627148,-0.148535,-0.016602,9.469434,-0.073047,-0.112305,9.516895,-0.250879,0.158984,-9.54834,0.183691,0.118359,-9.683301,-0.010547,-0.023047,-9.475977,0.008008,-0.036426,-9.444141,0.348242,-0.015234,-9.454199,0.186914,0.16875,-9.479199,0.035937,0.128711,9.48125,-0.271777,-0.18877,9.364355,-0.349805,-0.195801,9.47832,-0.219238
0.011914,9.629785,-0.141211,-0.016602,9.469238,-0.067676,-0.11123,9.516504,-0.244434,0.160547,-9.548828,0.179004,0.118555,-9.683008,-0.018066,-0.02207,-9.47959,0.001855,-0.036523,-9.443652,0.351367,-0.01543,-9.454297,0.190137,0.16875,-9.47998,0.04082,0.128418,9.480566,-0.278613,-0.188867,9.364746,-0.357422,-0.195312,9.480957,-0.225488
0.013379,9.630273,-0.137402,-0.015137,9.469238,-0.060742,-0.11084,9.515527,-0.240332,0.160547,-9.549219,0.173926,0.118945,-9.681836,-0.02373,-0.02207,-9.481445,-0.002344,-0.036523,-9.445117,0.35752,-0.014844,-9.456543,0.197852,0.16875,-9.480664,0.045508,0.127734,9.483301,-0.282715,-0.19082,9.364746,-0.360352,-0.197461,9.480469,-0.22998
0.014453,9.625293,-0.133105,-0.015234,9.469434,-0.057422,-0.111035,9.515039,-0.234277,0.161621,-9.547656,0.169141,0.118359,-9.681836,-0.028516,-0.02207,-9.477148,-0.008008,-0.036426,-9.441602,0.364258,-0.016016,-9.456543,0.20166,0.167969,-9.477344,0.052734,0.127637,9.47832,-0.289355,-0.19082,9.364062,-0.364551,-0.197363,9.477051,-0.236719
0.012891,9.625293,-0.12666,-0.014746,9.468164,-0.052539,-0.108203,9.515039,-0.228223,0.161328,-9.546973,0.162012,0.119629,-9.683789,-0.034082,-0.020898,-9.476953,-0.011328,-0.038965,-9.440039,0.369238,-0.016016,-9.455957,0.207129,0.168262,-9.477637,0.058105,0.127246,9.479883,-0.293848,-0.190137,9.364062,-0.370996,-0.197363,9.476758,-0.241406
0.013184,9.626855,-0.122266,-0.013574,9.467383,-0.047852,-0.109473,9.514062,-0.225781,0.161816,-9.54707,0.156738,0.119922,-9.685547,-0.039355,-0.021094,-9.477637,-0.018457,-0.039258,-9.440234,0.37207,-0.015918,-9.455273,0.213086,0.167773,-9.47793,0.062793,0.126758,9.479883,-0.297363,-0.190039,9.365234,-0.374316,-0.197266,9.476367,-0.245703
0.013281,9.627539,-0.115625,-0.0125,9.469336,-0.040723,-0.109277,9.511523,-0.217773,0.161621,-9.549316,0.153223,0.12002,-9.686133,-0.044824,-0.021289,-9.47959,-0.022559,-0.038477,-9.441113,0.37832,-0.016309,-9.456445,0.21709,0.167773,-9.479004,0.069336,0.126367,9.480078,-0.303809,-0.191309,9.365527,-0.382422,-0.198145,9.477539,-0.251074
0.01377,9.627539,-0.110254,-0.015039,9.469434,-0.035937,-0.107422,9.5125,-0.213477,0.159375,-9.549023,0.148438,0.12002,-9.683789,-0.047559,-0.021484,-9.47959,-0.029297,-0.037793,-9.442578,0.385449,-0.015332,-9.453906,0.223145,0.169824,-9.476855,0.073242,0.12793,9.479492,-0.308105,-0.188867,9.365723,-0.385156,-0.196582,9.475781,-0.257031
0.013281,9.62627,-0.103223,-0.015039,9.470605,-0.02998,-0.108398,9.515918,-0.20791,0.160449,-9.550391,0.14209,0.117285,-9.683789,-0.05498,-0.021875,-9.479688,-0.034961,-0.037109,-9.441113,0.388477,-0.014453,-9.454199,0.228906,0.169434,-9.47832,0.077441,0.128223,9.481738,-0.313086,-0.189355,9.365918,-0.39248,-0.196094,9.476758,-0.262012
0.013184,9.625879,-0.098242,-0.015527,9.470313,-0.024512,-0.109473,9.516797,-0.204102,0.159863,-9.549609,0.135352,0.11709,-9.684082,-0.061133,-0.022168,-9.479395,-0.038574,-0.035254,-9.440625,0.390918,-0.014258,-9.454492,0.233594,0.170313,-9.477344,0.08252,0.128613,9.481641,-0.320117,-0.190137,9.365137,-0.396973,-0.19502,9.476758,-0.266211
0.011328,9.627832,-0.094141,-0.01543,9.470313,-0.019141,-0.109375,9.517285,-0.197852,0.160254,-9.549023,0.132324,0.11709,-9.684082,-0.066895,-0.023242,-9.479395,-0.044434,-0.035254,-9.441113,0.397266,-0.012305,-9.455957,0.240137,0.171094,-9.47793,0.088184,0.128418,9.480469,-0.325,-0.189844,9.365039,-0.400781,-0.194824,9.475781,-0.272461
0.011133,9.628418,-0.088477,-0.014746,9.469922,-0.014941,-0.111621,9.517285,-0.192188,0.157617,-9.550098,0.127539,0.115918,-9.685059,-0.070312,-0.025195,-9.479492,-0.04834,-0.034375,-9.440332,0.405566,-0.011035,-9.45752,0.244238,0.172168,-9.478027,0.091504,0.130469,9.481055,-0.329395,-0.187793,9.365039,-0.405859,-0.193652,9.477246,-0.276074
0.009668,9.627246,-0.082812,-0.016211,9.470996,-0.00791,-0.112207,9.517285,-0.188086,0.157617,-9.550098,0.120898,0.115234,-9.685742,-0.07832,-0.026562,-9.47959,-0.055469,-0.033691,-9.441895,0.409766,-0.009277,-9.457031,0.248438,0.17373,-9.478027,0.098047,0.13125,9.481543,-0.335742,-0.18584,9.365039,-0.412988,-0.193262,9.47793,-0.283301
0.008984,9.628027,-0.07793,-0.018066,9.470313,-0.004785,-0.113184,9.516797,-0.183398,0.156055,-9.55,0.114062,0.113672,-9.686035,-0.082812,-0.028418,-9.478809,-0.060254,-0.033008,-9.441309,0.415137,-0.007812,-9.45791,0.256152,0.175586,-9.478418,0.104199,0.132715,9.481543,-0.340039,-0.184961,9.366016,-0.419922,-0.191602,9.479199,-0.288281
0.006934,9.628613,-0.07207,-0.019824,9.470117,0.00166,-0.11582,9.516504,-0.174023,0.15459,-9.54834,0.110254,0.112598,-9.684766,-0.087207,-0.02998,-9.480078,-0.065625,-0.031445,-9.441309,0.420898,-0.006543,-9.45459,0.260156,0.175586,-9.479785,0.108398,0.133789,9.480859,-0.347754,-0.18291,9.364453,-0.421484,-0.189355,9.479395,-0.293652
0.006348,9.626367,-0.067285,-0.020508,9.470508,0.00625,-0.117676,9.516797,-0.171289,0.151855,-9.549316,0.104102,0.109961,-9.685156,-0.093164,-0.031348,-9.480762,-0.071289,-0.028516,-9.441211,0.426367,-0.005273,-9.454688,0.267383,0.176855,-9.479688,0.113574,0.13623,9.481152,-0.348926,-0.18125,9.365137,-0.426367,-0.187207,9.47832,-0.300195
0.004297,9.625781,-0.061523,-0.022168,9.469336,0.012012,-0.117969,9.515234,-0.168262,0.149316,-9.552051,0.09873,0.106738,-9.684473,-0.096777,-0.034473,-9.480762,-0.075195,-0.02666,-9.441211,0.430078,-0.004395,-9.454688,0.27041,0.179785,-9.477148,0.12041,0.137695,9.481152,-0.354492,-0.180469,9.363184,-0.43252,-0.185938,9.47832,-0.304199
0.003613,9.625879,-0.057715,-0.023535,9.468652,0.017871,-0.119727,9.513379,-0.161328,0.148047,-9.553516,0.096582,0.106348,-9.686523,-0.103809,-0.037109,-9.479199,-0.080078,-0.025586,-9.440039,0.435742,-0.001758,-9.455176,0.275977,0.181641,-9.481152,0.125,0.140625,9.480957,-0.3625,-0.176953,9.364258,-0.438281,-0.183008,9.478027,-0.309863
0.00166,9.626563,-0.049414,-0.026172,9.467676,0.021973,-0.123828,9.513184,-0.156055,0.14541,-9.552734,0.089355,0.103613,-9.685937,-0.110059,-0.0375,-9.480273,-0.08584,-0.022363,-9.44082,0.439941,0.000488,-9.455273,0.27959,0.185645,-9.479297,0.13291,0.141504,9.47959,-0.368164,-0.176465,9.366406,-0.444922,-0.180859,9.478809,-0.314648
-0.000293,9.625391,-0.045703,-0.027832,9.469336,0.027832,-0.124316,9.516113,-0.148145,0.144043,-9.55166,0.083984,0.101562,-9.687891,-0.112891,-0.039062,-9.480273,-0.091895,-0.02002,-9.44082,0.44834,0.001465,-9.455762,0.286914,0.18623,-9.478418,0.135742,0.142969,9.47998,-0.372656,-0.172852,9.366406,-0.450195,-0.178906,9.47832,-0.319043
-0.00332,9.627246,-0.03877,-0.02959,9.469922,0.033691,-0.126465,9.517871,-0.144727,0.141992,-9.55498,0.078516,0.099512,-9.686719,-0.120898,-0.044336,-9.480762,-0.099219,-0.018066,-9.441504,0.450781,0.003613,-9.456641,0.289844,0.188965,-9.480664,0.139648,0.145703,9.481836,-0.37832,-0.170801,9.366309,-0.455273,-0.176465,9.481641,-0.325293
-0.004395,9.627344,-0.031934,-0.031738,9.471191,0.039062,-0.128613,9.516797,-0.13916,0.137988,-9.554395,0.074707,0.096289,-9.68623,-0.124902,-0.044336,-9.480762,-0.10293,-0.015918,-9.441504,0.458203,0.006543,-9.456641,0.295703,0.190625,-9.481348,0.146973,0.149609,9.480859,-0.385547,-0.169727,9.366309,-0.459668,-0.174805,9.479395,-0.331152
-0.007324,9.625391,-0.026562,-0.034961,9.468457,0.044238,-0.131738,9.516602,-0.133301,0.137012,-9.551855,0.065723,0.092676,-9.68623,-0.132129,-0.05,-9.479883,-0.10918,-0.01416,-9.440332,0.462695,0.009668,-9.455762,0.301367,0.193555,-9.479297,0.152539,0.15127,9.480371,-0.389258,-0.166113,9.366309,-0.467187,-0.170508,9.479004,-0.336816
-0.008594,9.623535,-0.022656,-0.037695,9.468262,0.052051,-0.133594,9.516602,-0.127246,0.134863,-9.551562,0.063672,0.093359,-9.686621,-0.137109,-0.05127,-9.478906,-0.113477,-0.012012,-9.441016,0.467578,0.011914,-9.455762,0.306543,0.196094,-9.478809,0.157422,0.15459,9.47998,-0.397461,-0.161816,9.36582,-0.471777,-0.168555,9.478516,-0.340234
-0.011914,9.627246,-0.015527,-0.039648,9.473047,0.057129,-0.136914,9.516797,-0.124219,0.130762,-9.55498,0.056836,0.08877,-9.687891,-0.141113,-0.054102,-9.482031,-0.120215,-0.008496,-9.441309,0.472754,0.016016,-9.460156,0.312402,0.199121,-9.483691,0.162109,0.156055,9.484375,-0.401367,-0.160059,9.366406,-0.478223,-0.166602,9.47998,-0.348242
-0.014941,9.625879,-0.008496,-0.041602,9.470996,0.063574,-0.137793,9.516797,-0.118359,0.128027,-9.55459,0.050391,0.085254,-9.687891,-0.149414,-0.057813,-9.480859,-0.123926,-0.00625,-9.443262,0.481836,0.018164,-9.458008,0.319336,0.202637,-9.480566,0.166406,0.159961,9.48457,-0.406348,-0.159082,9.366406,-0.482617,-0.163477,9.481738,-0.354102
-0.016406,9.625879,-0.002344,-0.044531,9.471289,0.066895,-0.141992,9.514844,-0.112012,0.123926,-9.55459,0.044824,0.083008,-9.687891,-0.153027,-0.059277,-9.482715,-0.13125,-0.002734,-9.443262,0.483789,0.02207,-9.457812,0.324512,0.205859,-9.480273,0.172754,0.163086,9.482129,-0.412598,-0.15459,9.367773,-0.488281,-0.160449,9.480566,-0.357617
-0.02041,9.628223,0.000293,-0.047168,9.471582,0.074023,-0.144922,9.515723,-0.106152,0.122559,-9.55459,0.041309,0.079492,-9.686621,-0.15918,-0.062598,-9.483203,-0.136523,-9.8e-05,-9.44248,0.491113,0.02334,-9.455469,0.328223,0.207129,-9.480273,0.180078,0.165918,9.481738,-0.418848,-0.152832,9.367969,-0.493848,-0.15791,9.48291,-0.36377
-0.022852,9.628223,0.005859,-0.051465,9.47002,0.078223,-0.14873,9.515723,-0.098145,0.119336,-9.554297,0.034961,0.074316,-9.686621,-0.165625,-0.066895,-9.481055,-0.140918,0.003125,-9.442187,0.495703,0.027539,-9.454688,0.33291,0.211816,-9.480273,0.185156,0.169043,9.481738,-0.422754,-0.148535,9.368262,-0.497754,-0.15293,9.483105,-0.367969
-0.027051,9.62832,0.014746,-0.053613,9.469629,0.085156,-0.150684,9.516016,-0.093359,0.114648,-9.552539,0.029004,0.072754,-9.686426,-0.169922,-0.070703,-9.48252,-0.145801,0.006152,-9.442383,0.501758,0.031152,-9.455176,0.339648,0.216309,-9.480957,0.188965,0.172363,9.481836,-0.428809,-0.145313,9.368164,-0.503027,-0.150684,9.480273,-0.373145
-0.03125,9.625781,0.018164,-0.057813,9.470605,0.088477,-0.155664,9.516016,-0.092383,0.111621,-9.552539,0.025391,0.067578,-9.686426,-0.175977,-0.075098,-9.482812,-0.150293,0.008887,-9.442383,0.503613,0.03457,-9.457324,0.34375,0.22002,-9.483496,0.192969,0.175586,9.481836,-0.435645,-0.141699,9.368164,-0.507324,-0.146777,9.481055,-0.37998
-0.035742,9.625879,0.022168,-0.06123,9.469141,0.094336,-0.159082,9.516699,-0.086133,0.107617,-9.55332,0.019238,0.064551,-9.687012,-0.180566,-0.079199,-9.480176,-0.155469,0.012695,-9.440527,0.509082,0.039355,-9.457715,0.349219,0.22334,-9.483496,0.198047,0.179883,9.481641,-0.437793,-0.138379,9.368164,-0.51416,-0.141992,9.479688,-0.382227
-0.038477,9.627344,0.029004,-0.06416,9.468945,0.098047,-0.162793,9.516406,-0.080371,0.10332,-9.55332,0.016895,0.06084,-9.687109,-0.18457,-0.081543,-9.479492,-0.160938,0.01748,-9.440527,0.51377,0.04248,-9.458105,0.351758,0.225684,-9.483496,0.203516,0.18291,9.479297,-0.444141,-0.133496,9.367383,-0.517969,-0.139746,9.47998,-0.386035
-0.043164,9.627148,0.033203,-0.068359,9.469043,0.105762,-0.165723,9.515234,-0.075684,0.099609,-9.554883,0.008301,0.055957,-9.687305,-0.188379,-0.086133,-9.480566,-0.164746,0.020801,-9.440625,0.519824,0.04707,-9.45791,0.358594,0.229687,-9.483301,0.208496,0.1875,9.480762,-0.445996,-0.130762,9.367188,-0.524609,-0.135449,9.482129,-0.391211
-0.047266,9.626563,0.038867,-0.074023,9.468262,0.109961,-0.17002,9.51709,-0.071875,0.095801,-9.556543,0.00293,0.051562,-9.688086,-0.193457,-0.090137,-9.480762,-0.168945,0.024121,-9.440723,0.523535,0.050684,-9.45791,0.362598,0.235352,-9.483691,0.212598,0.191602,9.480762,-0.45293,-0.124707,9.367188,-0.527832,-0.131055,9.48252,-0.395703
-0.051367,9.626465,0.043945,-0.077051,9.46875,0.113965,-0.174414,9.516992,-0.066113,0.092871,-9.556543,-0.001172,0.04873,-9.687891,-0.200098,-0.09668,-9.480762,-0.173242,0.029395,-9.440723,0.527734,0.056055,-9.458105,0.365918,0.241211,-9.483691,0.218945,0.194141,9.480371,-0.456348,-0.122168,9.366797,-0.53252,-0.126758,9.481152,-0.400391
-0.053711,9.626367,0.045996,-0.081055,9.468555,0.119043,-0.178516,9.515527,-0.063672,0.086914,-9.557031,-0.001758,0.043848,-9.686328,-0.203613,-0.099609,-9.480762,-0.176563,0.03291,-9.441797,0.530762,0.060059,-9.455566,0.371777,0.244434,-9.482031,0.223438,0.200586,9.479688,-0.458594,-0.117383,9.36582,-0.535937,-0.121777,9.484082,-0.403613
-0.061328,9.626367,0.051953,-0.086719,9.468555,0.122656,-0.183789,9.51582,-0.058203,0.082812,-9.55752,-0.006152,0.036426,-9.686523,-0.208008,-0.102637,-9.481348,-0.18125,0.037207,-9.441992,0.534668,0.064648,-9.456543,0.376367,0.249609,-9.482324,0.225391,0.205469,9.480762,-0.466016,-0.112402,9.369238,-0.542285,-0.117285,9.483887,-0.40918
-0.064453,9.626855,0.055469,-0.090723,9.469238,0.126562,-0.187305,9.51748,-0.057617,0.07832,-9.557227,-0.009766,0.035059,-9.688086,-0.212891,-0.108789,-9.481152,-0.185645,0.042285,-9.441992,0.537109,0.06875,-9.456934,0.37627,0.253809,-9.482324,0.230762,0.208887,9.480566,-0.465137,-0.108105,9.367676,-0.542578,-0.111426,9.481445,-0.414648
-0.068945,9.627734,0.05918,-0.094824,9.469336,0.130273,-0.193848,9.517969,-0.052637,0.07334,-9.556738,-0.013574,0.027637,-9.689453,-0.211914,-0.113965,-9.48125,-0.184863,0.046191,-9.441992,0.541797,0.073535,-9.459668,0.380078,0.258789,-9.483105,0.232129,0.215625,9.482812,-0.471387,-0.10293,9.367676,-0.548926,-0.107422,9.481152,-0.415723
-0.074512,9.627734,0.060937,-0.099121,9.469531,0.130762,-0.196484,9.516699,-0.049414,0.068164,-9.556738,-0.015625,0.023926,-9.690039,-0.214453,-0.118457,-9.481445,-0.189648,0.051855,-9.442383,0.543457,0.078516,-9.458008,0.386426,0.263965,-9.483105,0.235449,0.219434,9.482422,-0.473145,-0.099316,9.368066,-0.550098,-0.10293,9.482031,-0.418164
-0.080762,9.628027,0.063867,-0.104297,9.469531,0.136328,-0.204004,9.516113,-0.045898,0.064062,-9.556348,-0.019043,0.017285,-9.68916,-0.219922,-0.124902,-9.481836,-0.191797,0.056641,-9.442383,0.548535,0.085645,-9.457324,0.386426,0.267871,-9.483594,0.238086,0.224023,9.482422,-0.476465,-0.092188,9.369531,-0.555469,-0.097461,9.483398,-0.420801
-0.084766,9.628027,0.065723,-0.10918,9.469531,0.137305,-0.208887,9.51875,-0.044336,0.058789,-9.55625,-0.02373,0.0125,-9.688379,-0.220996,-0.128223,-9.481836,-0.196094,0.061914,-9.443555,0.548145,0.089648,-9.458398,0.389746,0.273828,-9.484668,0.241895,0.229883,9.483301,-0.48125,-0.088867,9.369141,-0.556738,-0.093066,9.483105,-0.422363
-0.090332,9.628027,0.068652,-0.11416,9.468262,0.139453,-0.2125,9.517383,-0.041016,0.053711,-9.555078,-0.02627,0.007324,-9.686621,-0.223535,-0.135156,-9.481641,-0.197754,0.068066,-9.441016,0.550586,0.095605,-9.458691,0.391016,0.279297,-9.485156,0.24375,0.235156,9.481445,-0.484277,-0.08125,9.366211,-0.559668,-0.086523,9.481836,-0.42373
-0.09541,9.625098,0.069727,-0.121094,9.466309,0.143848,-0.218359,9.516797,-0.040723,0.04707,-9.553223,-0.027148,0.003418,-9.686621,-0.227441,-0.14043,-9.478809,-0.200293,0.070312,-9.441406,0.554199,0.099902,-9.455566,0.393262,0.284473,-9.483203,0.244141,0.239648,9.479492,-0.48291,-0.076953,9.366797,-0.560254,-0.081445,9.479492,-0.428418
-0.10127,9.625,0.072754,-0.125293,9.465625,0.144824,-0.222754,9.512891,-0.037207,0.041406,-9.553027,-0.028418,-0.001172,-9.687109,-0.22793,-0.145996,-9.476953,-0.199219,0.077051,-9.438965,0.556836,0.105762,-9.455566,0.395117,0.290332,-9.483203,0.24707,0.245215,9.478613,-0.485254,-0.070508,9.366699,-0.562891,-0.075391,9.479102,-0.431152
-0.106641,9.624414,0.075195,-0.128418,9.467187,0.14834,-0.228125,9.512891,-0.035254,0.036621,-9.553027,-0.030762,-0.006445,-9.687109,-0.23252,-0.151758,-9.477246,-0.203418,0.083398,-9.440039,0.559668,0.111328,-9.455957,0.396387,0.294922,-9.484082,0.24873,0.250586,9.480371,-0.488281,-0.066504,9.366699,-0.566797,-0.071484,9.482031,-0.43125
-0.111523,9.62793,0.076465,-0.135156,9.469727,0.148145,-0.232129,9.516797,-0.033301,0.031641,-9.554492,-0.032324,-0.013281,-9.687305,-0.230566,-0.156641,-9.47793,-0.205273,0.08877,-9.444824,0.559473,0.11582,-9.456055,0.398047,0.30166,-9.484082,0.251465,0.256641,9.481543,-0.487988,-0.061621,9.367188,-0.566699,-0.064746,9.482031,-0.434668
-0.117383,9.625977,0.07793,-0.141406,9.468164,0.150879,-0.238379,9.517578,-0.030762,0.026953,-9.553711,-0.032617,-0.01709,-9.686426,-0.231543,-0.16123,-9.478906,-0.205762,0.093945,-9.443359,0.559961,0.122754,-9.45752,0.399707,0.305469,-9.483496,0.250781,0.263672,9.481152,-0.489746,-0.056152,9.370117,-0.568848,-0.05918,9.481836,-0.435352
-0.124121,9.626758,0.078711,-0.146094,9.468945,0.151074,-0.244434,9.51582,-0.029785,0.020215,-9.555469,-0.034766,-0.023242,-9.689258,-0.23418,-0.16748,-9.480957,-0.206445,0.100488,-9.442676,0.560254,0.128027,-9.458789,0.399805,0.309863,-9.483398,0.255371,0.267871,9.481738,-0.492285,-0.050391,9.369238,-0.57002,-0.054102,9.481641,-0.436914
-0.129785,9.628906,0.082227,-0.151367,9.469727,0.156055,-0.250195,9.516699,-0.026855,0.013574,-9.555762,-0.036523,-0.030762,-9.691797,-0.23418,-0.172754,-9.479883,-0.208789,0.103613,-9.444824,0.564258,0.134766,-9.458789,0.400781,0.317773,-9.484668,0.254883,0.274902,9.481934,-0.492773,-0.044727,9.369238,-0.572168,-0.048242,9.484473,-0.438281
-0.134375,9.628027,0.083984,-0.156543,9.47002,0.154199,-0.256055,9.517773,-0.02627,0.00791,-9.555762,-0.036328,-0.03584,-9.686816,-0.235645,-0.178613,-9.480469,-0.208984,0.110156,-9.443848,0.564551,0.139648,-9.458789,0.402051,0.323437,-9.48457,0.254492,0.279102,9.481445,-0.493262,-0.039648,9.370703,-0.571387,-0.043848,9.48418,-0.43916
-0.141016,9.62627,0.085742,-0.162695,9.468652,0.154297,-0.262012,9.515918,-0.02627,0.003906,-9.554492,-0.039453,-0.039941,-9.688379,-0.233496,-0.184668,-9.480273,-0.209473,0.116797,-9.443652,0.565723,0.145801,-9.459473,0.40459,0.327051,-9.484863,0.256348,0.285352,9.481445,-0.493164,-0.033203,9.370996,-0.573828,-0.037109,9.484277,-0.43916
-0.147266,9.626855,0.085449,-0.169141,9.469336,0.155859,-0.26709,9.515918,-0.02666,-0.00127,-9.556445,-0.0375,-0.045508,-9.689258,-0.238477,-0.190625,-9.482227,-0.209473,0.122168,-9.443164,0.566602,0.150293,-9.459277,0.404883,0.335156,-9.486035,0.256348,0.290527,9.481445,-0.493945,-0.028613,9.37041,-0.575293,-0.031641,9.486816,-0.439453
-0.152148,9.627344,0.084961,-0.174609,9.469238,0.158105,-0.273828,9.51582,-0.025391,-0.006738,-9.555957,-0.037793,-0.053516,-9.687891,-0.23916,-0.19668,-9.482324,-0.2125,0.127344,-9.444336,0.566504,0.157129,-9.459863,0.406543,0.340723,-9.483301,0.255762,0.297266,9.481152,-0.496191,-0.022559,9.368848,-0.575488,-0.02666,9.485938,-0.440332
-0.157715,9.628711,0.084961,-0.180371,9.468945,0.158105,-0.278125,9.514258,-0.024121,-0.011328,-9.556836,-0.036523,-0.057617,-9.687891,-0.24082,-0.201465,-9.480469,-0.211816,0.132422,-9.441699,0.566504,0.162109,-9.457812,0.406543,0.346094,-9.483203,0.255371,0.30166,9.481152,-0.496289,-0.015332,9.368555,-0.573242,-0.02041,9.485059,-0.441016
-0.163867,9.629102,0.084961,-0.187109,9.468945,0.157617,-0.283984,9.514355,-0.027051,-0.017578,-9.555078,-0.038379,-0.063672,-9.687695,-0.237598,-0.207617,-9.480762,-0.209473,0.139063,-9.443359,0.566406,0.16709,-9.457617,0.406738,0.35166,-9.483691,0.256055,0.308984,9.481445,-0.496387,-0.010156,9.369727,-0.573145,-0.013965,9.485156,-0.441016
-0.171094,9.628809,0.085156,-0.190723,9.469824,0.15752,-0.290137,9.514355,-0.027246,-0.022266,-9.555371,-0.037402,-0.068262,-9.687012,-0.237598,-0.214258,-9.479883,-0.209961,0.143848,-9.444141,0.565137,0.172266,-9.460254,0.40498,0.356934,-9.484277,0.256152,0.315039,9.481641,-0.496094,-0.005664,9.369727,-0.572754,-0.009668,9.483887,-0.441016
-0.177051,9.628809,0.085156,-0.198926,9.468066,0.15752,-0.294824,9.51748,-0.027246,-0.027832,-9.555664,-0.036719,-0.07627,-9.686035,-0.2375,-0.219336,-9.479785,-0.209863,0.149414,-9.444336,0.565918,0.180176,-9.460254,0.404297,0.362891,-9.485352,0.254785,0.319043,9.481641,-0.496094,-0.000195,9.37002,-0.572754,-0.003418,9.484668,-0.438184
-0.181738,9.628516,0.085645,-0.202734,9.471191,0.15752,-0.301465,9.51582,-0.027832,-0.033887,-9.557031,-0.035937,-0.082422,-9.688086,-0.238574,-0.225781,-9.481445,-0.210938,0.156055,-9.443945,0.566016,0.186133,-9.460254,0.403516,0.368848,-9.485352,0.254883,0.325879,9.481836,-0.493555,0.006055,9.371582,-0.572949,0.001758,9.487012,-0.43877
-0.189062,9.630176,0.08623,-0.210156,9.471094,0.15791,-0.307715,9.51582,-0.027832,-0.041016,-9.556445,-0.034766,-0.086914,-9.688477,-0.235352,-0.23125,-9.478027,-0.20752,0.161426,-9.445898,0.563965,0.191016,-9.463086,0.402051,0.375781,-9.485156,0.254492,0.332129,9.483301,-0.493555,0.012109,9.370801,-0.572461,0.007812,9.485938,-0.436426
-0.194922,9.629785,0.084766,-0.214844,9.471094,0.156934,-0.314063,9.51582,-0.029687,-0.04707,-9.556543,-0.034766,-0.092188,-9.688477,-0.235449,-0.237793,-9.479785,-0.204395,0.165918,-9.450391,0.564063,0.197266,-9.462402,0.401758,0.382324,-9.487305,0.252441,0.3375,9.483301,-0.493555,0.015918,9.372559,-0.571973,0.011523,9.485742,-0.435645
-0.200293,9.630859,0.080566,-0.220215,9.471094,0.156738,-0.319629,9.51582,-0.030176,-0.052539,-9.558887,-0.034668,-0.099219,-9.690137,-0.235449,-0.243457,-9.480664,-0.205469,0.173828,-9.449316,0.562891,0.203223,-9.462695,0.400586,0.386719,-9.487988,0.252051,0.343457,9.483105,-0.491797,0.022266,9.373437,-0.568262,0.018457,9.486621,-0.43584
-0.205762,9.630273,0.080566,-0.225879,9.472656,0.153613,-0.325293,9.51543,-0.02998,-0.056934,-9.558398,-0.031934,-0.104492,-9.687402,-0.232813,-0.24707,-9.480664,-0.203809,0.17793,-9.448145,0.562793,0.208398,-9.462695,0.399609,0.392871,-9.483105,0.249902,0.349121,9.483105,-0.490039,0.028418,9.37373,-0.567773,0.02373,9.486621,-0.43457
-0.210938,9.63418,0.080078,-0.23252,9.472656,0.152441,-0.331445,9.514355,-0.031445,-0.0625,-9.558398,-0.030078,-0.110156,-9.689258,-0.232031,-0.253223,-9.480859,-0.20293,0.186426,-9.447754,0.560937,0.213477,-9.463477,0.398145,0.398145,-9.48291,0.249121,0.355078,9.483105,-0.48877,0.032715,9.372852,-0.566895,0.030566,9.488184,-0.432324
-0.218457,9.631641,0.079395,-0.2375,9.473437,0.151855,-0.337109,9.514453,-0.033203,-0.068262,-9.558984,-0.029785,-0.11543,-9.689258,-0.227246,-0.259082,-9.482129,-0.201465,0.190527,-9.450879,0.558984,0.220117,-9.464258,0.395996,0.403809,-9.485645,0.244434,0.360352,9.483105,-0.487012,0.039258,9.375586,-0.563965,0.035352,9.488477,-0.431738
-0.223047,9.631543,0.077148,-0.243457,9.473437,0.14834,-0.342285,9.514453,-0.034863,-0.073633,-9.558203,-0.026562,-0.122949,-9.68877,-0.22627,-0.265918,-9.481543,-0.199512,0.196094,-9.450293,0.558398,0.225391,-9.462988,0.393945,0.409961,-9.48457,0.243164,0.367383,9.483496,-0.486133,0.043359,9.374121,-0.562305,0.039844,9.486816,-0.428125
-0.229492,9.631543,0.075,-0.249902,9.473535,0.146289,-0.346484,9.517969,-0.037109,-0.078711,-9.558301,-0.02373,-0.128027,-9.687891,-0.223535,-0.270508,-9.483594,-0.195312,0.20127,-9.448535,0.554102,0.230762,-9.462598,0.389844,0.415723,-9.484766,0.240234,0.371289,9.48418,-0.483594,0.050879,9.374902,-0.55957,0.04668,9.486816,-0.426074
-0.23418,9.631543,0.070898,-0.255664,9.474121,0.144727,-0.354395,9.51875,-0.040625,-0.083789,-9.558691,-0.021973,-0.133105,-9.689941,-0.222266,-0.275586,-9.483594,-0.192773,0.207422,-9.45127,0.552637,0.237402,-9.463672,0.387012,0.420898,-9.488086,0.238086,0.378516,9.484277,-0.479395,0.056152,9.37627,-0.558691,0.052734,9.487305,-0.421094
-0.24082,9.630664,0.069629,-0.260742,9.471875,0.142969,-0.358594,9.519043,-0.040332,-0.089941,-9.558203,-0.019922,-0.137891,-9.689355,-0.216797,-0.281836,-9.48291,-0.188867,0.212012,-9.449707,0.549512,0.241992,-9.466504,0.383984,0.425293,-9.487305,0.235937,0.383008,9.484277,-0.477148,0.060156,9.376172,-0.555371,0.057227,9.487305,-0.421582
-0.245215,9.630176,0.066699,-0.266309,9.471387,0.140918,-0.364941,9.518262,-0.04502,-0.095215,-9.558203,-0.015234,-0.143848,-9.691797,-0.216504,-0.287012,-9.483594,-0.187012,0.217969,-9.449805,0.547852,0.246582,-9.466504,0.381934,0.432129,-9.487793,0.233398,0.388574,9.483496,-0.471973,0.066699,9.377051,-0.552344,0.062305,9.487695,-0.41748
-0.251465,9.629492,0.064648,-0.272559,9.471484,0.13623,-0.370605,9.517383,-0.046387,-0.100293,-9.55752,-0.011328,-0.150293,-9.690723,-0.21377,-0.290527,-9.480859,-0.183887,0.221484,-9.450879,0.542871,0.25166,-9.466699,0.378906,0.435937,-9.487988,0.229395,0.393652,9.483496,-0.471484,0.071387,9.377148,-0.548438,0.067871,9.487793,-0.414746
-0.256152,9.630859,0.062207,-0.276367,9.471484,0.134668,-0.374023,9.516992,-0.052148,-0.105078,-9.558984,-0.008105,-0.154297,-9.690137,-0.211328,-0.295996,-9.480371,-0.181738,0.228027,-9.450195,0.539844,0.256543,-9.46543,0.375488,0.441699,-9.487793,0.225977,0.399512,9.483594,-0.467578,0.077344,9.378027,-0.545996,0.072852,9.489355,-0.413867
-0.261035,9.631641,0.058301,-0.282129,9.474902,0.130469,-0.379883,9.521191,-0.052246,-0.110547,-9.55918,-0.008496,-0.160547,-9.690137,-0.206934,-0.302637,-9.480859,-0.178711,0.23291,-9.450098,0.537402,0.262793,-9.466211,0.372656,0.445996,-9.487793,0.223438,0.40498,9.483789,-0.465039,0.083203,9.376563,-0.544922,0.077148,9.489844,-0.40957
-0.267676,9.62832,0.052441,-0.2875,9.473047,0.128223,-0.386133,9.519238,-0.05625,-0.116406,-9.55918,-0.002734,-0.165137,-9.689648,-0.202734,-0.306445,-9.480859,-0.173145,0.237793,-9.450586,0.533594,0.267969,-9.466211,0.37002,0.451562,-9.48584,0.22041,0.411426,9.483789,-0.461035,0.088281,9.375488,-0.540918,0.083691,9.489355,-0.406641
-0.272754,9.628809,0.05293,-0.291602,9.471191,0.124512,-0.391211,9.519238,-0.058105,-0.121582,-9.55918,-0.000879,-0.170508,-9.688965,-0.199023,-0.310937,-9.481055,-0.170703,0.243359,-9.451758,0.529883,0.272949,-9.466211,0.365625,0.457422,-9.485059,0.216504,0.414355,9.48418,-0.459668,0.092676,9.375098,-0.537109,0.088672,9.488672,-0.402734
-0.278418,9.629199,0.046191,-0.29668,9.469238,0.119922,-0.396777,9.519238,-0.063281,-0.125195,-9.559082,0.006543,-0.175,-9.688965,-0.193164,-0.316113,-9.479102,-0.167871,0.24834,-9.451074,0.525684,0.277734,-9.466309,0.361328,0.462988,-9.485059,0.212988,0.419531,9.48418,-0.452832,0.097559,9.375098,-0.531445,0.092578,9.487891,-0.397852
-0.28252,9.628809,0.042871,-0.301563,9.468457,0.117285,-0.399902,9.519141,-0.068848,-0.129395,-9.559082,0.006934,-0.182129,-9.690234,-0.19209,-0.321484,-9.47959,-0.162402,0.251563,-9.451172,0.52334,0.28252,-9.466699,0.35752,0.466992,-9.485059,0.20791,0.424023,9.484766,-0.44873,0.101758,9.374414,-0.528125,0.098437,9.487891,-0.393652
-0.288281,9.628809,0.039844,-0.30752,9.470605,0.112402,-0.40459,9.51709,-0.071289,-0.136035,-9.559375,0.012402,-0.185449,-9.690234,-0.187402,-0.326953,-9.482324,-0.157227,0.256934,-9.450293,0.516992,0.286133,-9.464746,0.353516,0.472754,-9.485156,0.204102,0.428613,9.484473,-0.444238,0.106445,9.377832,-0.526367,0.10293,9.48916,-0.389355
-0.293262,9.629199,0.034668,-0.313184,9.47002,0.110449,-0.410254,9.516602,-0.074902,-0.138965,-9.55918,0.013184,-0.190039,-9.691504,-0.182812,-0.330664,-9.481836,-0.153223,0.262109,-9.450879,0.514648,0.291016,-9.46582,0.35166,0.47666,-9.485645,0.200098,0.43457,9.484473,-0.440723,0.109961,9.375684,-0.522266,0.106934,9.48916,-0.385156
-0.297656,9.630078,0.030664,-0.314941,9.470313,0.106738,-0.413574,9.516797,-0.078516,-0.145215,-9.558984,0.017773,-0.192188,-9.691309,-0.180469,-0.334375,-9.481836,-0.150977,0.265918,-9.452344,0.511035,0.29541,-9.46582,0.347461,0.480176,-9.487207,0.196484,0.439355,9.48457,-0.44043,0.115234,9.378906,-0.517676,0.111133,9.489062,-0.382324
-0.30293,9.630078,0.029395,-0.321191,9.470313,0.103418,-0.419043,9.515137,-0.08125,-0.148828,-9.558496,0.020801,-0.199121,-9.691309,-0.174512,-0.337988,-9.48252,-0.147949,0.271191,-9.452051,0.507812,0.300195,-9.463965,0.342383,0.486133,-9.486523,0.192773,0.443066,9.486035,-0.433691,0.12002,9.377539,-0.513574,0.116504,9.489062,-0.377441
-0.307812,9.631152,0.025684,-0.32627,9.470996,0.100293,-0.422559,9.514355,-0.085547,-0.153516,-9.558496,0.025391,-0.202637,-9.689453,-0.170508,-0.343066,-9.482129,-0.143652,0.274805,-9.453711,0.503125,0.304004,-9.467578,0.337305,0.489844,-9.488965,0.189258,0.447266,9.487402,-0.430859,0.124707,9.376758,-0.510547,0.119336,9.489258,-0.375195
-0.311426,9.630859,0.022559,-0.330566,9.470605,0.094629,-0.428223,9.516699,-0.088867,-0.158008,-9.558984,0.028223,-0.207324,-9.690137,-0.168359,-0.346973,-9.480957,-0.13916,0.280078,-9.453711,0.501563,0.308203,-9.468652,0.335449,0.494043,-9.487793,0.18291,0.451562,9.485254,-0.425781,0.128711,9.376855,-0.509473,0.123926,9.489941,-0.372461
-0.315234,9.630762,0.020508,-0.333008,9.470117,0.092188,-0.432031,9.516602,-0.092285,-0.159863,-9.556543,0.031445,-0.212891,-9.691602,-0.164551,-0.350488,-9.479492,-0.13584,0.283398,-9.453223,0.497754,0.313281,-9.468457,0.333203,0.497168,-9.484766,0.183008,0.455566,9.483008,-0.425977,0.132812,9.376855,-0.501367,0.127441,9.487793,-0.368262
-0.320117,9.630566,0.01377,-0.339355,9.470117,0.090625,-0.43584,9.516602,-0.095312,-0.164258,-9.556836,0.0375,-0.215332,-9.69082,-0.15957,-0.354883,-9.479492,-0.130957,0.287305,-9.45293,0.491699,0.316113,-9.468555,0.326562,0.500586,-9.486816,0.177539,0.460449,9.483301,-0.420703,0.1375,9.377637,-0.499609,0.132617,9.487695,-0.364063
-0.324414,9.629102,0.008398,-0.342578,9.469336,0.083594,-0.44043,9.517285,-0.102344,-0.167578,-9.558398,0.042578,-0.217969,-9.688672,-0.154688,-0.358398,-9.479492,-0.123047,0.29248,-9.45293,0.485352,0.32002,-9.468652,0.321582,0.506934,-9.486426,0.170898,0.462988,9.483789,-0.416016,0.140723,9.377637,-0.493066,0.137988,9.487695,-0.357422
-0.326953,9.62959,0.000879,-0.345215,9.470508,0.077539,-0.44502,9.517285,-0.106738,-0.17334,-9.558398,0.048047,-0.223145,-9.689941,-0.145313,-0.361914,-9.47998,-0.119043,0.295117,-9.453125,0.480469,0.322559,-9.468652,0.313086,0.509473,-9.487891,0.166211,0.467578,9.483398,-0.406836,0.143457,9.377539,-0.487109,0.141602,9.489062,-0.353027
-0.331934,9.630469,-0.000879,-0.35,9.47041,0.073535,-0.44707,9.517285,-0.113477,-0.175586,-9.557715,0.05293,-0.226855,-9.687891,-0.142383,-0.36543,-9.479883,-0.113184,0.296973,-9.453125,0.475293,0.325,-9.468652,0.30957,0.511914,-9.488477,0.160059,0.469434,9.483398,-0.403613,0.148145,9.378125,-0.483008,0.144531,9.48877,-0.347168
-0.335449,9.631055,-0.008203,-0.354102,9.470313,0.068262,-0.451367,9.518359,-0.116309,-0.178613,-9.55791,0.058203,-0.229785,-9.688184,-0.136133,-0.370312,-9.481055,-0.108301,0.301465,-9.453711,0.47002,0.329199,-9.467969,0.303613,0.514551,-9.489648,0.156543,0.474512,9.483398,-0.399023,0.150977,9.378125,-0.478223,0.147168,9.488867,-0.341602
-0.338184,9.629004,-0.011816,-0.357324,9.470313,0.063477,-0.454883,9.519043,-0.123145,-0.182422,-9.557422,0.0625,-0.232129,-9.688184,-0.132715,-0.373145,-9.479102,-0.104688,0.304883,-9.452539,0.466309,0.333887,-9.467285,0.300293,0.518164,-9.487012,0.149219,0.477344,9.483105,-0.39375,0.154492,9.379004,-0.473633,0.15,9.489062,-0.337891
-0.343262,9.629199,-0.016992,-0.359961,9.469824,0.056445,-0.457422,9.519043,-0.128125,-0.185449,-9.557422,0.069629,-0.23623,-9.686719,-0.127148,-0.374609,-9.478027,-0.097949,0.308984,-9.455078,0.460547,0.335547,-9.468945,0.293652,0.522559,-9.4875,0.145117,0.481641,9.485254,-0.389355,0.157129,9.377832,-0.468164,0.15332,9.485742,-0.331934
-0.345703,9.62998,-0.021777,-0.363574,9.470605,0.053418,-0.461914,9.519043,-0.131641,-0.189551,-9.557129,0.072461,-0.240039,-9.68584,-0.121777,-0.378516,-9.478418,-0.096777,0.311914,-9.455078,0.455078,0.338867,-9.469336,0.286328,0.524902,-9.488672,0.138281,0.483789,9.481738,-0.38418,0.162012,9.377637,-0.466016,0.155957,9.4875,-0.328516
-0.348145,9.62959,-0.026855,-0.367578,9.470215,0.04834,-0.463965,9.518652,-0.136816,-0.192285,-9.554688,0.077148,-0.240918,-9.68584,-0.117383,-0.380273,-9.478418,-0.09082,0.313574,-9.455371,0.451562,0.341895,-9.467676,0.283203,0.525879,-9.4875,0.136133,0.485742,9.482715,-0.379688,0.164551,9.380176,-0.459082,0.158203,9.488281,-0.321094
-0.351172,9.631055,-0.029785,-0.369141,9.469727,0.044238,-0.467383,9.516602,-0.14082,-0.194434,-9.55459,0.081836,-0.244141,-9.685742,-0.112598,-0.383203,-9.478027,-0.085645,0.317383,-9.456738,0.445801,0.345508,-9.46748,0.279687,0.530176,-9.487012,0.130859,0.487598,9.48291,-0.372266,0.165723,9.375098,-0.45332,0.161621,9.48584,-0.320117
-0.354297,9.627734,-0.036719,-0.370703,9.469238,0.038477,-0.469824,9.513477,-0.144043,-0.196289,-9.554883,0.087695,-0.245117,-9.687012,-0.106934,-0.385352,-9.47793,-0.080762,0.319043,-9.454492,0.44082,0.346777,-9.46875,0.275488,0.532324,-9.487012,0.124902,0.49043,9.480859,-0.368457,0.167578,9.376953,-0.446289,0.16543,9.485645,-0.312207
-0.357129,9.627441,-0.042871,-0.375586,9.469434,0.034961,-0.472363,9.512793,-0.150293,-0.200195,-9.553711,0.091406,-0.251465,-9.687012,-0.103613,-0.388477,-9.47793,-0.074121,0.321289,-9.454883,0.437598,0.350195,-9.469043,0.270508,0.535742,-9.487012,0.12002,0.494922,9.481445,-0.362012,0.170508,9.375781,-0.442383,0.167285,9.486816,-0.30498
-0.358301,9.632617,-0.045605,-0.379395,9.469434,0.028809,-0.476074,9.515723,-0.155566,-0.201074,-9.558594,0.098437,-0.251465,-9.687793,-0.09707,-0.390234,-9.478613,-0.06875,0.32334,-9.45752,0.42998,0.352148,-9.468945,0.264746,0.538281,-9.487695,0.115332,0.497754,9.48418,-0.359766,0.173437,9.380273,-0.438086,0.168262,9.491113,-0.300977
-0.362012,9.631152,-0.050684,-0.380273,9.47334,0.023926,-0.478809,9.514746,-0.163379,-0.203223,-9.557422,0.104492,-0.25459,-9.688086,-0.093066,-0.392188,-9.478809,-0.063965,0.327148,-9.458496,0.425586,0.353809,-9.470313,0.259668,0.539941,-9.489062,0.11123,0.5,9.484375,-0.351758,0.175391,9.379883,-0.433203,0.171387,9.491113,-0.295703
-0.364355,9.62959,-0.056543,-0.381934,9.47168,0.02002,-0.479199,9.516309,-0.166504,-0.205469,-9.557422,0.109375,-0.255469,-9.69082,-0.084961,-0.393555,-9.47959,-0.05791,0.327051,-9.45625,0.419238,0.35459,-9.47002,0.251563,0.541309,-9.488867,0.100684,0.500391,9.483594,-0.346094,0.176367,9.379199,-0.42666,0.171875,9.490918,-0.290332
-0.365625,9.632324,-0.064258,-0.384961,9.471777,0.01123,-0.481836,9.516113,-0.172363,-0.206836,-9.557422,0.115234,-0.258008,-9.69082,-0.07998,-0.395898,-9.47959,-0.051562,0.329883,-9.457324,0.412207,0.355664,-9.47002,0.247168,0.54375,-9.487988,0.095801,0.503418,9.483984,-0.340625,0.179297,9.380664,-0.421191,0.173145,9.490918,-0.286328
-0.367969,9.631934,-0.068262,-0.388574,9.471777,0.007324,-0.48125,9.51543,-0.175,-0.20957,-9.557715,0.12373,-0.258887,-9.69082,-0.072559,-0.396094,-9.47959,-0.04707,0.331836,-9.457324,0.410547,0.358496,-9.470508,0.241602,0.544629,-9.487207,0.091406,0.504297,9.483984,-0.334863,0.17998,9.381445,-0.417578,0.175684,9.491602,-0.281348
-0.370898,9.63125,-0.076758,-0.388477,9.471484,0.000391,-0.484668,9.515137,-0.181738,-0.211133,-9.555762,0.12627,-0.261621,-9.689453,-0.069238,-0.399512,-9.480078,-0.042969,0.333398,-9.458691,0.403613,0.360254,-9.469531,0.234668,0.545215,-9.48877,0.086719,0.506348,9.48457,-0.328906,0.183008,9.381445,-0.408301,0.177539,9.491992,-0.273633
-0.371973,9.631445,-0.080762,-0.390039,9.471484,-0.00166,-0.486035,9.515527,-0.186914,-0.210645,-9.55625,0.130664,-0.264258,-9.690137,-0.065039,-0.399512,-9.480078,-0.033789,0.333301,-9.458691,0.399219,0.36123,-9.471777,0.23125,0.546289,-9.488672,0.08291,0.507227,9.484863,-0.325,0.182227,9.381348,-0.404785,0.178418,9.494141,-0.26875
-0.371582,9.631445,-0.088281,-0.391895,9.470703,-0.008594,-0.487598,9.515527,-0.194824,-0.212402,-9.554297,0.138965,-0.263965,-9.690137,-0.057813,-0.401367,-9.478809,-0.030762,0.335352,-9.458301,0.392773,0.36123,-9.473145,0.225098,0.548926,-9.488672,0.075781,0.50918,9.484863,-0.317383,0.183594,9.384766,-0.400977,0.17793,9.490723,-0.262988
-0.373437,9.631348,-0.092188,-0.391211,9.468359,-0.013379,-0.489063,9.51543,-0.20127,-0.211816,-9.55293,0.142676,-0.264551,-9.688477,-0.050977,-0.400293,-9.477441,-0.024316,0.335449,-9.458789,0.388477,0.361035,-9.470215,0.218555,0.548242,-9.486816,0.068848,0.508496,9.484082,-0.312793,0.185059,9.37959,-0.393945,0.17959,9.492969,-0.257129
-0.375684,9.629492,-0.099805,-0.393066,9.469043,-0.019922,-0.489063,9.51543,-0.207422,-0.213672,-9.555566,0.149316,-0.264746,-9.687695,-0.043457,-0.401855,-9.480566,-0.019336,0.337598,-9.458789,0.38125,0.363477,-9.469824,0.213965,0.549512,-9.486426,0.062402,0.510547,9.483008,-0.307324,0.186035,9.380273,-0.387598,0.180664,9.492676,-0.252539
-0.375195,9.630078,-0.105664,-0.39375,9.469043,-0.026562,-0.487891,9.515527,-0.211426,-0.214551,-9.555371,0.154297,-0.263867,-9.689551,-0.043848,-0.40127,-9.479688,-0.014453,0.337891,-9.459473,0.375195,0.363379,-9.470117,0.208594,0.549609,-9.486621,0.058203,0.510352,9.483594,-0.299902,0.185449,9.380566,-0.383105,0.180762,9.493457,-0.246289
-0.375098,9.630078,-0.109766,-0.394434,9.470215,-0.031543,-0.491992,9.51582,-0.216309,-0.214551,-9.556445,0.160059,-0.264453,-9.690039,-0.034863,-0.401074,-9.479883,-0.007617,0.337207,-9.459863,0.370215,0.362402,-9.470117,0.200684,0.548047,-9.486621,0.053711,0.510645,9.484375,-0.29502,0.185059,9.380566,-0.376367,0.179492,9.489551,-0.240723
-0.376465,9.629199,-0.114844,-0.39502,9.47041,-0.03623,-0.490723,9.513574,-0.22041,-0.214258,-9.556055,0.164062,-0.264844,-9.6875,-0.02998,-0.401367,-9.479785,-0.002051,0.336035,-9.460254,0.361816,0.361816,-9.46875,0.199512,0.548828,-9.486328,0.049219,0.510059,9.484375,-0.290723,0.187012,9.380859,-0.370312,0.181836,9.491211,-0.234766
-0.376367,9.62959,-0.122363,-0.395313,9.471875,-0.041895,-0.490039,9.513086,-0.228711,-0.21416,-9.554785,0.168066,-0.265039,-9.687793,-0.02168,-0.401367,-9.480957,0.002344,0.336328,-9.459082,0.357617,0.362012,-9.46875,0.191211,0.548828,-9.486328,0.04248,0.510254,9.483984,-0.284375,0.186133,9.380566,-0.364551,0.180762,9.490625,-0.228613
-0.375684,9.62959,-0.128027,-0.395313,9.471777,-0.046973,-0.489453,9.51416,-0.23291,-0.21377,-9.553027,0.174902,-0.265039,-9.68877,-0.02041,-0.401367,-9.480566,0.007422,0.336621,-9.458398,0.353125,0.362012,-9.468262,0.18584,0.54834,-9.485938,0.0375,0.509668,9.483691,-0.278125,0.185938,9.381152,-0.364551,0.179102,9.489062,-0.22334
-0.376367,9.628906,-0.135254,-0.394336,9.469336,-0.053223,-0.489551,9.515137,-0.23877,-0.213379,-9.553027,0.178418,-0.264941,-9.686816,-0.010645,-0.399805,-9.480566,0.013867,0.336621,-9.457715,0.345996,0.361914,-9.468457,0.181934,0.54834,-9.48584,0.033301,0.509668,9.483398,-0.272852,0.18623,9.381055,-0.355469,0.179199,9.487793,-0.216992
-0.376465,9.629004,-0.138379,-0.394629,9.469727,-0.055859,-0.489551,9.515918,-0.240039,-0.212793,-9.552344,0.183984,-0.263184,-9.687207,-0.007715,-0.400488,-9.480957,0.017773,0.33418,-9.457715,0.34502,0.361621,-9.468457,0.17832,0.547363,-9.48584,0.026758,0.509082,9.482422,-0.269434,0.185352,9.380371,-0.351562,0.179199,9.488281,-0.214258
-0.374609,9.629687,-0.145215,-0.392578,9.469727,-0.06416,-0.489355,9.514746,-0.247266,-0.212402,-9.552246,0.191992,-0.263184,-9.687012,-0.003223,-0.398828,-9.479785,0.022363,0.33418,-9.457324,0.337305,0.360156,-9.468066,0.170313,0.546875,-9.484766,0.020898,0.508203,9.481543,-0.263574,0.184668,9.380371,-0.344727,0.178613,9.488281,-0.208203
-0.374219,9.628613,-0.150488,-0.392285,9.469336,-0.068066,-0.488477,9.514746,-0.251953,-0.21123,-9.552246,0.194727,-0.261914,-9.687012,0.002051,-0.398535,-9.478516,0.029785,0.333887,-9.456641,0.333301,0.359277,-9.466211,0.165527,0.545508,-9.484766,0.017285,0.50752,9.483008,-0.257324,0.18457,9.380371,-0.34248,0.177246,9.487305,-0.20459
-0.373047,9.628711,-0.155957,-0.392969,9.469336,-0.07373,-0.487598,9.514941,-0.258008,-0.208984,-9.552637,0.197363,-0.261914,-9.687012,0.007031,-0.396973,-9.480859,0.034375,0.331641,-9.45918,0.32832,0.35791,-9.466992,0.161133,0.54541,-9.484766,0.012305,0.506641,9.483398,-0.253223,0.183301,9.380664,-0.336328,0.177148,9.487012,-0.199609
-0.372559,9.629395,-0.160352,-0.393164,9.469824,-0.079199,-0.487402,9.516406,-0.264062,-0.20918,-9.554004,0.205957,-0.26084,-9.687012,0.011328,-0.39668,-9.482227,0.03877,0.332715,-9.459863,0.321094,0.356836,-9.467773,0.15498,0.544434,-9.486621,0.003906,0.505664,9.484473,-0.247461,0.181348,9.380859,-0.328027,0.175781,9.48916,-0.193164
-0.371289,9.629395,-0.16709,-0.390234,9.468555,-0.085059,-0.484668,9.52002,-0.269922,-0.207422,-9.553223,0.212402,-0.259375,-9.686523,0.018555,-0.393164,-9.482812,0.045117,0.329785,-9.459668,0.316309,0.353711,-9.470703,0.148438,0.54209,-9.483691,-0.000391,0.502344,9.484473,-0.239844,0.179883,9.381152,-0.324902,0.172656,9.488672,-0.188574
-0.369238,9.630762,-0.17207,-0.388867,9.467578,-0.090723,-0.484277,9.52002,-0.273145,-0.20625,-9.55332,0.216602,-0.256152,-9.689258,0.026172,-0.39248,-9.480957,0.050781,0.330078,-9.459668,0.310352,0.352539,-9.470898,0.142969,0.540137,-9.484668,-0.007227,0.501758,9.484668,-0.235547,0.179102,9.380664,-0.318359,0.172266,9.489746,-0.181738
-0.367871,9.630469,-0.177148,-0.387793,9.468066,-0.096191,-0.482227,9.517578,-0.277148,-0.20332,-9.555078,0.221289,-0.253516,-9.688867,0.028223,-0.390918,-9.483789,0.054492,0.325781,-9.461816,0.30957,0.35166,-9.470898,0.138672,0.537109,-9.486621,-0.009277,0.501465,9.485352,-0.230176,0.17627,9.382812,-0.314746,0.170508,9.490527,-0.179883
-0.364941,9.631152,-0.18125,-0.385449,9.47168,-0.1,-0.480176,9.516699,-0.284375,-0.203027,-9.556934,0.225781,-0.253711,-9.691113,0.031934,-0.387793,-9.48418,0.060645,0.324316,-9.463184,0.302539,0.349219,-9.470508,0.135742,0.535645,-9.487402,-0.015625,0.497949,9.485352,-0.227539,0.174805,9.383887,-0.311719,0.167969,9.49043,-0.172852
-0.363184,9.630859,-0.18418,-0.38291,9.471387,-0.104883,-0.478125,9.514551,-0.286914,-0.199316,-9.553027,0.227344,-0.250684,-9.690625,0.037109,-0.385352,-9.483789,0.061719,0.321875,-9.460938,0.297949,0.346875,-9.470508,0.129297,0.533301,-9.487402,-0.018652,0.49707,9.485352,-0.223242,0.172461,9.383105,-0.307617,0.165234,9.49043,-0.169141
-0.360645,9.629883,-0.189746,-0.382227,9.470801,-0.109961,-0.476953,9.51582,-0.291406,-0.197363,-9.553223,0.233594,-0.248535,-9.692285,0.042676,-0.38457,-9.482617,0.069629,0.321289,-9.459668,0.291602,0.344629,-9.470801,0.125195,0.53125,-9.485645,-0.024414,0.493359,9.485352,-0.219727,0.171289,9.383105,-0.3,0.163184,9.489941,-0.165527
-0.358398,9.630078,-0.194238,-0.378418,9.470898,-0.115332,-0.474512,9.51582,-0.297949,-0.193945,-9.553223,0.239941,-0.246387,-9.687695,0.047266,-0.380566,-9.48252,0.074121,0.316992,-9.460156,0.288379,0.34082,-9.468555,0.119141,0.52832,-9.485645,-0.028711,0.491309,9.484863,-0.212891,0.16709,9.382422,-0.294922,0.160645,9.487695,-0.160059
-0.356445,9.630078,-0.20166,-0.377051,9.470898,-0.118066,-0.471387,9.515918,-0.302148,-0.192383,-9.550879,0.243457,-0.243848,-9.687598,0.053613,-0.378418,-9.48252,0.076465,0.315723,-9.460156,0.283398,0.338379,-9.46709,0.11582,0.525684,-9.485352,-0.033008,0.488867,9.483496,-0.208496,0.164355,9.381836,-0.29043,0.157812,9.486914,-0.156934
-0.352539,9.630176,-0.203125,-0.373633,9.470996,-0.12373,-0.468652,9.516016,-0.306934,-0.188672,-9.550391,0.245898,-0.239551,-9.691211,0.058203,-0.375,-9.48252,0.079687,0.312695,-9.458203,0.278516,0.335352,-9.465527,0.109766,0.523242,-9.485352,-0.038965,0.486133,9.484082,-0.203711,0.161914,9.381641,-0.28584,0.154883,9.488379,-0.151953
-0.350684,9.630176,-0.206348,-0.371582,9.470996,-0.125488,-0.467383,9.514941,-0.309375,-0.185742,-9.550391,0.250977,-0.237891,-9.691309,0.05957,-0.372852,-9.48125,0.083789,0.309863,-9.45791,0.277441,0.332813,-9.467871,0.107617,0.520312,-9.485352,-0.040625,0.483691,9.484082,-0.200781,0.158691,9.379199,-0.28252,0.153027,9.488672,-0.147852
-0.34668,9.630273,-0.213281,-0.368945,9.470996,-0.131836,-0.462109,9.515039,-0.315527,-0.18418,-9.549609,0.255078,-0.23418,-9.690332,0.064355,-0.368457,-9.481641,0.08916,0.30625,-9.456934,0.271289,0.32832,-9.467578,0.103906,0.515723,-9.484473,-0.04502,0.479102,9.483789,-0.196582,0.156543,9.379199,-0.279492,0.149121,9.490137,-0.140723
-0.344141,9.630273,-0.217285,-0.364551,9.470703,-0.137305,-0.458984,9.515332,-0.319336,-0.179297,-9.549023,0.261914,-0.230957,-9.689063,0.067383,-0.365137,-9.479688,0.094043,0.303516,-9.456445,0.267676,0.325977,-9.46875,0.097168,0.512402,-9.484863,-0.052441,0.475293,9.483789,-0.191016,0.151953,9.380762,-0.27373,0.14502,9.49082,-0.138867
-0.340527,9.629687,-0.222559,-0.361719,9.471289,-0.14082,-0.455469,9.51748,-0.322656,-0.176563,-9.55,0.265625,-0.227344,-9.689551,0.074512,-0.361426,-9.480859,0.095605,0.297949,-9.459473,0.264258,0.322461,-9.46875,0.094531,0.510352,-9.486035,-0.052441,0.471582,9.483691,-0.186426,0.148535,9.380957,-0.269824,0.141211,9.489551,-0.13291
-0.336328,9.633008,-0.225684,-0.35791,9.472168,-0.143848,-0.451855,9.516895,-0.325781,-0.17334,-9.550781,0.267285,-0.223145,-9.688379,0.07666,-0.359277,-9.481641,0.101367,0.296777,-9.459082,0.26123,0.318457,-9.469141,0.093262,0.506055,-9.486035,-0.058887,0.469141,9.484375,-0.182715,0.144824,9.380566,-0.268945,0.137598,9.491504,-0.130566
-0.333887,9.631836,-0.230371,-0.354395,9.472168,-0.148926,-0.449219,9.518848,-0.330859,-0.16875,-9.550879,0.27207,-0.218555,-9.691309,0.079883,-0.352832,-9.481934,0.105664,0.293066,-9.460547,0.256738,0.314258,-9.469238,0.087793,0.503027,-9.486426,-0.062207,0.464844,9.487012,-0.180273,0.140918,9.380762,-0.264746,0.134863,9.491504,-0.129199
-0.327832,9.630469,-0.233887,-0.350098,9.473633,-0.150977,-0.44248,9.518652,-0.333496,-0.163672,-9.550879,0.27334,-0.214258,-9.691309,0.085156,-0.349316,-9.481836,0.108496,0.286621,-9.460156,0.254883,0.30918,-9.469043,0.087207,0.496094,-9.486426,-0.064648,0.45957,9.486621,-0.177734,0.13584,9.380762,-0.260742,0.130176,9.491113,-0.124805
-0.324316,9.630469,-0.23291,-0.34541,9.475195,-0.151855,-0.438086,9.518652,-0.333008,-0.160254,-9.552637,0.274902,-0.21123,-9.689844,0.084473,-0.344141,-9.481348,0.108496,0.282813,-9.460156,0.256152,0.304199,-9.472363,0.08584,0.491895,-9.486426,-0.064648,0.455957,9.486621,-0.174707,0.13252,9.380273,-0.258691,0.12334,9.490332,-0.123242
-0.319238,9.630273,-0.235059,-0.338965,9.471777,-0.154492,-0.433887,9.516406,-0.335449,-0.156152,-9.552637,0.278906,-0.202832,-9.691406,0.087988,-0.339941,-9.481445,0.108789,0.276367,-9.460156,0.250977,0.300098,-9.46709,0.083887,0.486133,-9.485059,-0.066406,0.450293,9.487012,-0.173047,0.127441,9.380664,-0.25752,0.119238,9.490039,-0.122168
-0.313965,9.631152,-0.237109,-0.336426,9.471875,-0.156934,-0.429395,9.516602,-0.339648,-0.150195,-9.552832,0.279687,-0.2,-9.691406,0.08877,-0.334473,-9.482031,0.110352,0.271973,-9.45918,0.25127,0.294824,-9.469629,0.081348,0.483105,-9.484766,-0.069727,0.444922,9.485449,-0.173145,0.120996,9.378711,-0.255566,0.114551,9.490137,-0.120801
-0.308984,9.631055,-0.239648,-0.330664,9.471875,-0.161133,-0.424316,9.515137,-0.34043,-0.145996,-9.552441,0.280859,-0.193848,-9.691211,0.090332,-0.330371,-9.481055,0.113867,0.267969,-9.461523,0.247559,0.290527,-9.469629,0.079297,0.478809,-9.485742,-0.070117,0.441504,9.485059,-0.170215,0.117773,9.381543,-0.252344,0.109277,9.492676,-0.117969
-0.303809,9.63291,-0.24209,-0.327246,9.475293,-0.159863,-0.419922,9.518262,-0.341602,-0.141797,-9.555078,0.283203,-0.189551,-9.693457,0.093945,-0.326367,-9.482715,0.113867,0.26416,-9.462598,0.247559,0.284766,-9.470117,0.079395,0.472363,-9.48623,-0.072754,0.438184,9.487598,-0.16875,0.113477,9.381543,-0.252344,0.106055,9.494531,-0.117773
-0.303711,9.632227,-0.241992,-0.326172,9.475195,-0.160449,-0.41875,9.518164,-0.343555,-0.139844,-9.554785,0.281641,-0.189551,-9.692676,0.092969,-0.324121,-9.482715,0.113867,0.261621,-9.462402,0.247852,0.284668,-9.470801,0.079199,0.471777,-9.484766,-0.072754,0.434961,9.486914,-0.169141,0.111719,9.381348,-0.25332,0.106152,9.494434,-0.117773
-0.302344,9.631348,-0.241992,-0.325098,9.474121,-0.160254,-0.419043,9.516406,-0.340723,-0.13916,-9.552148,0.281055,-0.189941,-9.692676,0.092773,-0.324121,-9.48252,0.113965,0.261914,-9.461816,0.246777,0.28291,-9.47168,0.078418,0.471875,-9.487012,-0.072461,0.435449,9.485742,-0.170996,0.111523,9.38125,-0.254199,0.104785,9.494043,-0.118652
-0.301172,9.630859,-0.241797,-0.325781,9.474023,-0.160254,-0.419141,9.516113,-0.339355,-0.138965,-9.55332,0.280469,-0.189453,-9.693164,0.091699,-0.324023,-9.483691,0.113965,0.261035,-9.461816,0.247461,0.283594,-9.469922,0.078125,0.471191,-9.486523,-0.071094,0.434473,9.488184,-0.17002,0.1125,9.38125,-0.251758,0.104688,9.494824,-0.12041
