sensor_1_x,sensor_1_y,sensor_1_z,sensor_2_x,sensor_2_y,sensor_2_z,sensor_3_x,sensor_3_y,sensor_3_z,sensor_4_x,sensor_4_y,sensor_4_z,sensor_5_x,sensor_5_y,sensor_5_z,sensor_6_x,sensor_6_y,sensor_6_z,sensor_7_x,sensor_7_y,sensor_7_z,sensor_8_x,sensor_8_y,sensor_8_z,sensor_9_x,sensor_9_y,sensor_9_z,sensor_10_x,sensor_10_y,sensor_10_z,sensor_11_x,sensor_11_y,sensor_11_z,sensor_12_x,sensor_12_y,sensor_12_z
-0.384961,22.719824,-0.388477,-0.509375,22.367090,-0.263672,-0.724219,22.437891,-0.622949,-0.032031,-22.304102,0.556836,-0.137695,-22.710840,0.117383,-0.544922,-22.195020,0.202832,0.377637,-22.174609,0.951660,0.483301,-22.264258,0.616992,0.890918,-22.422266,0.269629,0.884766,22.346582,-0.730566,0.102344,22.168164,-0.966797,0.091113,22.157812,-0.623145
-0.382129,22.722656,-0.385645,-0.506445,22.368164,-0.264648,-0.722266,22.440918,-0.622852,-0.037891,-22.305176,0.554980,-0.143262,-22.710352,0.118652,-0.544531,-22.196484,0.202051,0.378711,-22.176562,0.950684,0.485742,-22.263281,0.617480,0.894238,-22.422070,0.272070,0.883105,22.348145,-0.730469,0.107324,22.168945,-0.968457,0.084180,22.158301,-0.621484
-0.381934,22.722070,-0.385059,-0.506055,22.367676,-0.261426,-0.729785,22.442187,-0.621777,-0.037109,-22.306152,0.556836,-0.136035,-22.706738,0.119043,-0.548926,-22.195215,0.203906,0.384473,-22.175781,0.949805,0.484961,-22.263770,0.618652,0.898730,-22.420703,0.270215,0.889062,22.349414,-0.730859,0.101562,22.167285,-0.967676,0.084570,22.158008,-0.622266
-0.377441,22.721582,-0.385352,-0.515039,22.365039,-0.264355,-0.727051,22.439844,-0.623633,-0.034863,-22.308496,0.554590,-0.134668,-22.706836,0.116211,-0.547070,-22.194727,0.202246,0.380176,-22.173535,0.951855,0.491016,-22.260254,0.618457,0.896973,-22.422168,0.269434,0.886328,22.348145,-0.729980,0.099805,22.166309,-0.968457,0.088965,22.160449,-0.623633
-0.382129,22.721191,-0.385352,-0.511035,22.364746,-0.264258,-0.726562,22.437988,-0.622949,-0.033105,-22.309473,0.556055,-0.135645,-22.710547,0.117871,-0.544824,-22.194824,0.202148,0.383984,-22.175781,0.951270,0.485547,-22.266895,0.619238,0.899805,-22.424219,0.268750,0.887793,22.348047,-0.730762,0.104590,22.166504,-0.967285,0.084961,22.164453,-0.622168
-0.387891,22.720703,-0.385254,-0.513379,22.362402,-0.263672,-0.726660,22.432031,-0.624609,-0.035352,-22.307422,0.554395,-0.135645,-22.706055,0.117285,-0.551562,-22.193848,0.202246,0.381934,-22.174414,0.951660,0.485645,-22.262891,0.618945,0.895801,-22.418359,0.269531,0.886914,22.348145,-0.730371,0.104980,22.165723,-0.966016,0.090430,22.160840,-0.623242
-0.379688,22.719922,-0.387207,-0.506934,22.361914,-0.265527,-0.725000,22.430566,-0.623047,-0.031348,-22.304004,0.554492,-0.138672,-22.706348,0.117383,-0.545996,-22.192187,0.202051,0.379688,-22.176074,0.951758,0.485449,-22.257715,0.617188,0.895605,-22.417480,0.267871,0.892285,22.347266,-0.729980,0.108496,22.164648,-0.967969,0.089844,22.165039,-0.624414
-0.380664,22.719629,-0.385352,-0.511719,22.365137,-0.263965,-0.725098,22.429102,-0.623145,-0.029785,-22.306152,0.554199,-0.135059,-22.706445,0.116699,-0.542383,-22.194043,0.202344,0.378223,-22.173145,0.952930,0.489453,-22.254492,0.618555,0.892090,-22.420313,0.270898,0.889844,22.349414,-0.730859,0.099219,22.167871,-0.968359,0.088086,22.166211,-0.624023
-0.384473,22.719922,-0.384375,-0.507031,22.361914,-0.264551,-0.720605,22.433301,-0.622363,-0.038281,-22.304688,0.555273,-0.134570,-22.709863,0.116895,-0.549023,-22.195020,0.201172,0.377344,-22.172559,0.951855,0.485645,-22.261621,0.617773,0.891406,-22.420996,0.267969,0.885059,22.348730,-0.730078,0.103125,22.164062,-0.966504,0.090430,22.166797,-0.624707
-0.385645,22.717188,-0.385547,-0.510449,22.363965,-0.264062,-0.730273,22.436133,-0.622461,-0.030957,-22.301172,0.555762,-0.134277,-22.705762,0.119531,-0.548438,-22.191406,0.202441,0.374512,-22.171484,0.951270,0.486719,-22.266406,0.619043,0.893457,-22.416602,0.269727,0.885449,22.345410,-0.729199,0.109082,22.165918,-0.967969,0.082910,22.163965,-0.624512
-0.384570,22.720996,-0.387500,-0.511035,22.365234,-0.265039,-0.729199,22.431836,-0.621484,-0.032129,-22.301953,0.554883,-0.140234,-22.708984,0.116406,-0.546582,-22.193164,0.201758,0.377637,-22.170313,0.951172,0.481445,-22.263965,0.618848,0.897266,-22.415332,0.270313,0.886426,22.346191,-0.731055,0.108301,22.165332,-0.967285,0.087207,22.166895,-0.623047
-0.381055,22.722070,-0.386133,-0.511914,22.361230,-0.263379,-0.721191,22.433105,-0.624121,-0.031055,-22.302148,0.555859,-0.134668,-22.708691,0.118652,-0.545410,-22.191895,0.201953,0.387402,-22.170898,0.950586,0.479297,-22.261230,0.618457,0.894141,-22.415234,0.270996,0.883594,22.346680,-0.730664,0.106836,22.166113,-0.966602,0.087207,22.162305,-0.623926
-0.382812,22.718262,-0.384570,-0.508496,22.362598,-0.263379,-0.730859,22.435352,-0.624219,-0.029980,-22.301562,0.555078,-0.134375,-22.705078,0.115723,-0.540527,-22.191113,0.201367,0.377734,-22.169727,0.951270,0.485645,-22.257715,0.615820,0.901465,-22.414941,0.269434,0.884082,22.345996,-0.728906,0.105859,22.160645,-0.967578,0.089453,22.162305,-0.623730
-0.381543,22.716504,-0.386328,-0.504395,22.360156,-0.263574,-0.727637,22.436230,-0.622754,-0.033398,-22.304980,0.555273,-0.140137,-22.706055,0.118652,-0.551074,-22.189453,0.201172,0.378320,-22.171094,0.952539,0.484766,-22.264648,0.617871,0.900000,-22.418164,0.269531,0.884863,22.347168,-0.728418,0.106641,22.165820,-0.965723,0.091113,22.162891,-0.622949
-0.381348,22.717285,-0.385742,-0.508887,22.362012,-0.263086,-0.723730,22.434668,-0.625391,-0.035547,-22.301172,0.552832,-0.136230,-22.706152,0.116992,-0.544336,-22.190625,0.203516,0.379590,-22.170020,0.951270,0.486426,-22.266602,0.617871,0.898438,-22.417480,0.269629,0.889551,22.348242,-0.730859,0.105859,22.166309,-0.965918,0.081348,22.162305,-0.623242
-0.382520,22.718750,-0.387500,-0.510059,22.363281,-0.264160,-0.725293,22.429102,-0.623437,-0.033105,-22.297461,0.553809,-0.141992,-22.705957,0.118164,-0.547461,-22.191699,0.200977,0.378418,-22.169434,0.951074,0.483008,-22.260254,0.616992,0.895410,-22.415820,0.270508,0.879199,22.346289,-0.730371,0.099609,22.167285,-0.967871,0.083301,22.165039,-0.623145
-0.380273,22.721094,-0.386328,-0.511328,22.364062,-0.263184,-0.725586,22.436230,-0.622754,-0.035352,-22.299609,0.555859,-0.137207,-22.708887,0.118164,-0.547461,-22.192480,0.202734,0.389746,-22.173340,0.952246,0.483496,-22.256934,0.617676,0.899707,-22.418848,0.269727,0.886133,22.349414,-0.731152,0.104004,22.171191,-0.968066,0.083887,22.167578,-0.624023
-0.386914,22.718457,-0.385156,-0.514648,22.363477,-0.264648,-0.727539,22.436914,-0.623926,-0.031348,-22.298535,0.556543,-0.137891,-22.708691,0.116699,-0.548828,-22.193164,0.204199,0.383008,-22.173340,0.951172,0.487207,-22.254102,0.618457,0.893164,-22.420215,0.268848,0.885156,22.347266,-0.731641,0.103711,22.166992,-0.966504,0.088867,22.165234,-0.622266
-0.383887,22.717090,-0.386621,-0.513867,22.361230,-0.265039,-0.717285,22.436523,-0.624707,-0.033594,-22.301172,0.555371,-0.138379,-22.708398,0.117090,-0.544434,-22.193652,0.202344,0.380273,-22.175488,0.951465,0.485059,-22.255469,0.617871,0.895898,-22.413672,0.270117,0.887598,22.346777,-0.729785,0.109180,22.167871,-0.966992,0.088574,22.166016,-0.624414
-0.382812,22.716113,-0.386914,-0.514160,22.360449,-0.264551,-0.729395,22.435449,-0.624316,-0.029980,-22.301074,0.556152,-0.136914,-22.708984,0.117480,-0.548047,-22.191992,0.203809,0.379688,-22.171094,0.952930,0.483887,-22.253320,0.616895,0.897070,-22.417285,0.270605,0.883398,22.345898,-0.729004,0.097559,22.166211,-0.967676,0.081836,22.162207,-0.625293
-0.386035,22.716797,-0.385156,-0.510156,22.360059,-0.265918,-0.724023,22.436816,-0.626172,-0.029785,-22.303320,0.556934,-0.131152,-22.708984,0.116992,-0.545020,-22.193262,0.202246,0.381934,-22.171680,0.952148,0.485547,-22.254102,0.619043,0.898340,-22.416016,0.269434,0.886621,22.345996,-0.729785,0.098828,22.170703,-0.968164,0.084375,22.161914,-0.622559
-0.385840,22.716992,-0.386621,-0.510742,22.361426,-0.265723,-0.726270,22.436719,-0.624902,-0.031543,-22.301074,0.555664,-0.137012,-22.708789,0.117480,-0.540918,-22.193262,0.202832,0.373926,-22.170410,0.951172,0.487988,-22.257031,0.618164,0.891602,-22.413965,0.270020,0.889453,22.347168,-0.729297,0.104688,22.169238,-0.967676,0.089063,22.164746,-0.623730
-0.379492,22.720605,-0.386133,-0.511133,22.365332,-0.264551,-0.725195,22.440918,-0.623242,-0.029883,-22.304199,0.554297,-0.135449,-22.708008,0.118262,-0.548828,-22.194043,0.204004,0.382422,-22.176758,0.951270,0.476953,-22.255566,0.619727,0.895508,-22.419141,0.270801,0.889453,22.350195,-0.729395,0.105566,22.167871,-0.968359,0.082520,22.165137,-0.623828
-0.382422,22.722559,-0.385059,-0.509180,22.364453,-0.262207,-0.723437,22.439453,-0.624609,-0.033203,-22.306641,0.554688,-0.140723,-22.710059,0.118652,-0.548828,-22.195801,0.203223,0.379004,-22.178125,0.951465,0.487500,-22.256055,0.617773,0.891016,-22.416113,0.270996,0.884668,22.349316,-0.731055,0.102734,22.169531,-0.966699,0.085742,22.163672,-0.625977
-0.381152,22.720605,-0.387598,-0.510840,22.365137,-0.263574,-0.724609,22.431152,-0.623242,-0.032129,-22.306152,0.554492,-0.138770,-22.706543,0.118848,-0.543164,-22.194727,0.200684,0.387402,-22.172949,0.951855,0.484082,-22.258008,0.617578,0.898730,-22.416895,0.271094,0.886035,22.349414,-0.732715,0.100293,22.167285,-0.967480,0.091602,22.164746,-0.623047
-0.384180,22.719727,-0.386914,-0.511133,22.366406,-0.262109,-0.726855,22.429883,-0.622266,-0.036914,-22.304590,0.556738,-0.141602,-22.706934,0.119238,-0.544824,-22.195020,0.203027,0.386328,-22.175879,0.951758,0.480176,-22.252051,0.617773,0.895508,-22.417676,0.268164,0.885547,22.347559,-0.730371,0.104980,22.167969,-0.967285,0.092090,22.162500,-0.624219
-0.383203,22.715918,-0.385742,-0.511133,22.363672,-0.264648,-0.721973,22.429980,-0.623437,-0.035742,-22.304004,0.554590,-0.138379,-22.707910,0.115527,-0.541699,-22.194141,0.202734,0.378320,-22.171973,0.952734,0.488184,-22.247754,0.616699,0.897070,-22.418164,0.271387,0.891895,22.350684,-0.728516,0.099902,22.166992,-0.966699,0.090527,22.161133,-0.623437
-0.385742,22.716309,-0.387402,-0.504102,22.362695,-0.263867,-0.723926,22.429395,-0.623633,-0.032129,-22.304785,0.555859,-0.135254,-22.706250,0.117578,-0.544336,-22.193066,0.203613,0.380664,-22.170508,0.952148,0.478418,-22.252051,0.618164,0.897949,-22.412598,0.270996,0.886426,22.348145,-0.730176,0.105664,22.169922,-0.967187,0.083887,22.160937,-0.625000
-0.384961,22.719531,-0.385840,-0.511621,22.363672,-0.265723,-0.727637,22.425879,-0.622168,-0.038184,-22.301465,0.554688,-0.136230,-22.708203,0.116992,-0.543652,-22.193164,0.203516,0.382520,-22.170117,0.953223,0.487695,-22.253223,0.617285,0.891309,-22.415625,0.270996,0.887207,22.348633,-0.730078,0.101465,22.167383,-0.966895,0.083496,22.158984,-0.624121
-0.385352,22.717969,-0.386621,-0.508398,22.364551,-0.265527,-0.725293,22.426270,-0.624121,-0.033789,-22.302539,0.553613,-0.134668,-22.708105,0.116309,-0.548730,-22.191992,0.203516,0.378320,-22.171484,0.952344,0.485059,-22.251172,0.616211,0.899512,-22.415820,0.269434,0.883691,22.346973,-0.729102,0.102637,22.168750,-0.969043,0.085547,22.155859,-0.622656
-0.383398,22.718457,-0.386230,-0.510352,22.361426,-0.263867,-0.723926,22.426172,-0.622266,-0.036035,-22.302246,0.554102,-0.144434,-22.708594,0.118652,-0.543262,-22.192480,0.204492,0.379785,-22.169531,0.951465,0.480273,-22.255176,0.617090,0.894336,-22.414551,0.272070,0.892188,22.344922,-0.731543,0.104492,22.163477,-0.969531,0.085840,22.155762,-0.621582
-0.387500,22.716895,-0.386426,-0.505664,22.362988,-0.264160,-0.728711,22.428223,-0.622656,-0.038477,-22.302734,0.555566,-0.136426,-22.704980,0.117480,-0.548730,-22.191895,0.201465,0.376953,-22.170996,0.953711,0.481738,-22.250879,0.617969,0.896680,-22.415918,0.270508,0.886426,22.345020,-0.730176,0.103809,22.162305,-0.966602,0.089941,22.159277,-0.622266
-0.384766,22.714355,-0.385840,-0.513477,22.359277,-0.264453,-0.727930,22.429688,-0.623340,-0.034082,-22.302441,0.557813,-0.137402,-22.705273,0.116016,-0.546680,-22.189258,0.202832,0.379590,-22.172754,0.951562,0.483203,-22.254687,0.618945,0.895801,-22.414258,0.270117,0.885059,22.345215,-0.732324,0.106250,22.164160,-0.966211,0.084277,22.159473,-0.622559
-0.382715,22.714453,-0.385547,-0.507422,22.356934,-0.263574,-0.724023,22.428418,-0.624707,-0.035937,-22.300391,0.555859,-0.137402,-22.706738,0.118750,-0.547852,-22.189746,0.201953,0.377832,-22.170801,0.950781,0.480176,-22.247656,0.617578,0.894043,-22.415137,0.271094,0.889941,22.343750,-0.728906,0.104883,22.165137,-0.967480,0.081738,22.159668,-0.624316
-0.387109,22.715430,-0.387695,-0.511816,22.358203,-0.263281,-0.727246,22.433203,-0.625195,-0.035449,-22.300000,0.554980,-0.142090,-22.707129,0.118555,-0.542090,-22.191602,0.203418,0.386523,-22.169336,0.953418,0.477051,-22.257129,0.618945,0.893652,-22.415430,0.270508,0.884375,22.345020,-0.729883,0.103516,22.167090,-0.969238,0.089160,22.160449,-0.623340
-0.381543,22.710254,-0.387305,-0.515430,22.359766,-0.264648,-0.719922,22.432227,-0.623633,-0.035840,-22.297266,0.555762,-0.131641,-22.704590,0.118066,-0.550977,-22.190918,0.203418,0.379785,-22.170020,0.952930,0.485449,-22.250195,0.618848,0.894141,-22.417480,0.268555,0.888184,22.344629,-0.729590,0.101660,22.164746,-0.967871,0.086719,22.160059,-0.623145
-0.382812,22.710938,-0.387109,-0.513184,22.358887,-0.263184,-0.729785,22.430273,-0.624023,-0.034375,-22.300781,0.558398,-0.139746,-22.705273,0.117676,-0.546973,-22.190234,0.202344,0.379883,-22.167188,0.951758,0.487207,-22.256934,0.618359,0.894922,-22.417676,0.271875,0.888867,22.346191,-0.729590,0.103516,22.167578,-0.968262,0.084766,22.159473,-0.623047
-0.383203,22.712109,-0.386426,-0.513770,22.356543,-0.265430,-0.716895,22.427539,-0.622070,-0.034277,-22.298633,0.555371,-0.137402,-22.707129,0.116211,-0.546484,-22.188672,0.202441,0.388379,-22.166895,0.950391,0.481641,-22.259570,0.620117,0.896094,-22.413379,0.271191,0.888770,22.345312,-0.730566,0.100488,22.166309,-0.967773,0.083984,22.158594,-0.623047
-0.384570,22.712695,-0.384277,-0.512695,22.357910,-0.265137,-0.726367,22.425586,-0.622559,-0.031543,-22.299707,0.556152,-0.136230,-22.702930,0.119922,-0.543945,-22.188086,0.202637,0.380762,-22.167285,0.950488,0.483594,-22.249609,0.619043,0.897363,-22.406641,0.269336,0.890137,22.345605,-0.731738,0.100293,22.164160,-0.968555,0.078418,22.156250,-0.624512
-0.382422,22.711426,-0.384570,-0.510742,22.357227,-0.265234,-0.727539,22.424023,-0.623633,-0.029102,-22.303125,0.556055,-0.139258,-22.703711,0.117969,-0.543750,-22.186035,0.202832,0.385254,-22.164648,0.952539,0.491309,-22.246582,0.620898,0.896680,-22.409180,0.268945,0.888184,22.343262,-0.730273,0.105762,22.161719,-0.967773,0.088867,22.155762,-0.621094
-0.379102,22.709668,-0.387793,-0.509180,22.356934,-0.265527,-0.729980,22.424707,-0.624414,-0.034082,-22.300098,0.554395,-0.138867,-22.704004,0.118457,-0.544238,-22.186133,0.201563,0.375781,-22.164160,0.948535,0.489746,-22.244141,0.615527,0.897949,-22.407031,0.269238,0.881445,22.342480,-0.730078,0.101953,22.161426,-0.966113,0.085645,22.155762,-0.623340
-0.385254,22.711914,-0.387598,-0.513477,22.357129,-0.265039,-0.722070,22.425488,-0.622461,-0.035156,-22.303320,0.555273,-0.136816,-22.705957,0.119922,-0.544141,-22.186328,0.201660,0.383984,-22.167871,0.951660,0.484082,-22.247070,0.617676,0.892871,-22.410156,0.269336,0.885156,22.345703,-0.728516,0.101660,22.163281,-0.966992,0.085547,22.157520,-0.623926
-0.383984,22.712891,-0.383691,-0.510547,22.356250,-0.264160,-0.724316,22.422559,-0.622461,-0.027832,-22.300977,0.555078,-0.136621,-22.701465,0.116797,-0.545605,-22.187012,0.202930,0.378320,-22.166016,0.951270,0.488867,-22.245703,0.618457,0.896582,-22.407812,0.273730,0.881641,22.343164,-0.729492,0.102832,22.160059,-0.967480,0.092480,22.157422,-0.622949
-0.380859,22.712695,-0.386426,-0.509375,22.355664,-0.263770,-0.722461,22.422656,-0.622559,-0.035547,-22.300488,0.554688,-0.143457,-22.705566,0.116895,-0.546875,-22.188379,0.201367,0.389160,-22.168555,0.950879,0.481641,-22.244434,0.616895,0.894727,-22.405469,0.270703,0.886719,22.344141,-0.729102,0.101855,22.158105,-0.967285,0.083008,22.157324,-0.623633
-0.386328,22.710938,-0.384473,-0.507031,22.356445,-0.264355,-0.724512,22.421973,-0.622070,-0.036230,-22.302148,0.554199,-0.141602,-22.702246,0.118652,-0.542480,-22.188086,0.201172,0.377051,-22.168164,0.950488,0.486426,-22.248535,0.617090,0.891797,-22.405859,0.268066,0.887109,22.342480,-0.731055,0.101562,22.157324,-0.967871,0.086133,22.157129,-0.625098
-0.385156,22.709570,-0.385645,-0.515234,22.358398,-0.263574,-0.725391,22.426660,-0.623926,-0.029297,-22.300098,0.557227,-0.137695,-22.702344,0.116797,-0.542676,-22.186719,0.200391,0.378418,-22.167773,0.953223,0.483203,-22.247363,0.616992,0.894043,-22.408105,0.269043,0.888574,22.341699,-0.730469,0.100586,22.157812,-0.967578,0.084473,22.155469,-0.623340
-0.383008,22.709375,-0.386230,-0.509668,22.357715,-0.264160,-0.725098,22.424414,-0.623828,-0.034668,-22.300684,0.555078,-0.136328,-22.704199,0.116895,-0.544238,-22.186133,0.201660,0.373340,-22.166309,0.950977,0.486523,-22.249414,0.619434,0.894336,-22.408105,0.272754,0.888086,22.340430,-0.731152,0.108105,22.161719,-0.966895,0.083105,22.157617,-0.622754
-0.385254,22.708008,-0.384180,-0.508203,22.357422,-0.262305,-0.727441,22.423828,-0.621582,-0.032031,-22.299316,0.556250,-0.137207,-22.702344,0.117285,-0.543750,-22.186133,0.202344,0.383398,-22.168848,0.954199,0.486719,-22.247363,0.618945,0.896680,-22.408105,0.270215,0.889551,22.341406,-0.730664,0.106055,22.159961,-0.966309,0.083203,22.154492,-0.622363
-0.378613,22.710254,-0.385547,-0.512305,22.358594,-0.262891,-0.720996,22.429199,-0.622949,-0.033398,-22.301172,0.555176,-0.139160,-22.701367,0.118359,-0.547656,-22.188086,0.201855,0.383203,-22.164551,0.952344,0.491113,-22.244434,0.617871,0.895312,-22.409961,0.269336,0.884375,22.341504,-0.729297,0.104590,22.159863,-0.967383,0.086523,22.155078,-0.622461
-0.379004,22.709766,-0.385449,-0.514453,22.356348,-0.263477,-0.726855,22.427832,-0.623633,-0.034375,-22.298633,0.556543,-0.136426,-22.701172,0.118652,-0.547559,-22.187500,0.203027,0.377832,-22.169141,0.948828,0.485840,-22.242871,0.618555,0.900293,-22.406641,0.270996,0.891992,22.337891,-0.731445,0.100488,22.157324,-0.964941,0.086719,22.156836,-0.623730
-0.382617,22.709375,-0.386914,-0.512598,22.357617,-0.264355,-0.727539,22.432520,-0.623633,-0.033203,-22.302051,0.557031,-0.138281,-22.704687,0.118066,-0.544336,-22.186914,0.203516,0.370215,-22.172070,0.952441,0.482129,-22.249023,0.617383,0.895410,-22.410742,0.269531,0.885645,22.342188,-0.729102,0.107031,22.160156,-0.967773,0.089355,22.156934,-0.622949
-0.381445,22.709375,-0.385547,-0.509082,22.357129,-0.262988,-0.728125,22.430566,-0.624707,-0.032617,-22.299316,0.555664,-0.137988,-22.704297,0.120020,-0.541895,-22.186426,0.203418,0.380371,-22.170020,0.952734,0.475684,-22.250781,0.617676,0.897168,-22.411816,0.270020,0.884766,22.342480,-0.731250,0.105859,22.160840,-0.967090,0.086914,22.154785,-0.623047
-0.381836,22.707031,-0.387207,-0.511719,22.355762,-0.265332,-0.723926,22.432129,-0.623730,-0.034961,-22.301074,0.554688,-0.137402,-22.704102,0.118848,-0.545605,-22.187988,0.203516,0.379395,-22.169824,0.951465,0.486426,-22.247754,0.617578,0.894336,-22.409277,0.269434,0.888867,22.343848,-0.730566,0.104102,22.158594,-0.966504,0.088867,22.155566,-0.623340
-0.381738,22.705273,-0.386719,-0.510840,22.353809,-0.265625,-0.725879,22.432422,-0.620996,-0.035156,-22.298828,0.555859,-0.138477,-22.702930,0.119141,-0.537695,-22.184863,0.203320,0.385156,-22.166797,0.954883,0.481250,-22.246777,0.619141,0.894141,-22.406250,0.272070,0.890625,22.340918,-0.730664,0.104102,22.157520,-0.966602,0.085840,22.153320,-0.623926
-0.379199,22.711035,-0.387012,-0.513184,22.354102,-0.264941,-0.724121,22.432910,-0.624219,-0.032031,-22.298730,0.557520,-0.145215,-22.702246,0.120117,-0.544336,-22.183496,0.204297,0.376953,-22.170801,0.952344,0.483398,-22.253418,0.617578,0.889941,-22.408008,0.272266,0.885059,22.338477,-0.730859,0.104004,22.156055,-0.966504,0.084082,22.152734,-0.624414
-0.388574,22.710156,-0.386133,-0.516602,22.354688,-0.264160,-0.726562,22.434180,-0.623145,-0.029687,-22.300488,0.556152,-0.140039,-22.702246,0.119629,-0.545117,-22.184570,0.203125,0.382910,-22.170215,0.952539,0.488184,-22.253613,0.617285,0.895410,-22.408301,0.269141,0.888574,22.341699,-0.732227,0.101562,22.157031,-0.967090,0.083691,22.154590,-0.623340
-0.380957,22.709473,-0.385937,-0.516211,22.355859,-0.262793,-0.724609,22.429688,-0.623242,-0.031641,-22.296484,0.555176,-0.138867,-22.698438,0.117773,-0.551562,-22.181250,0.202930,0.380859,-22.165332,0.950098,0.481152,-22.250488,0.615137,0.896680,-22.407617,0.270605,0.885059,22.339746,-0.729297,0.100195,22.156348,-0.966504,0.084375,22.153418,-0.623633
-0.382715,22.713379,-0.386816,-0.503418,22.350391,-0.264160,-0.724414,22.429883,-0.623828,-0.030762,-22.299023,0.554004,-0.139551,-22.700684,0.117578,-0.547363,-22.181055,0.200684,0.379785,-22.168750,0.950977,0.481836,-22.250684,0.616504,0.888672,-22.407031,0.270605,0.890430,22.340137,-0.730078,0.098437,22.156348,-0.965918,0.084863,22.152051,-0.623340
-0.382324,22.715234,-0.386816,-0.513379,22.352930,-0.260449,-0.724512,22.430859,-0.623828,-0.037598,-22.299023,0.553809,-0.137598,-22.700781,0.119824,-0.548828,-22.182129,0.201855,0.381738,-22.171484,0.952734,0.483887,-22.248340,0.616992,0.892285,-22.407520,0.269531,0.886621,22.340137,-0.731445,0.106641,22.157617,-0.966113,0.087012,22.153125,-0.622168
-0.382617,22.713184,-0.387305,-0.518066,22.353613,-0.262207,-0.725977,22.434961,-0.623730,-0.032227,-22.298633,0.555371,-0.139746,-22.699316,0.118555,-0.549219,-22.184180,0.204102,0.385156,-22.166602,0.951074,0.482422,-22.247754,0.618359,0.893848,-22.408008,0.268164,0.890137,22.341016,-0.730371,0.101758,22.158984,-0.968164,0.085938,22.152637,-0.624121
-0.383984,22.715625,-0.386133,-0.509277,22.353711,-0.260352,-0.722852,22.430664,-0.623047,-0.035254,-22.296191,0.554688,-0.140039,-22.702246,0.115820,-0.542871,-22.184473,0.203613,0.375488,-22.170801,0.952832,0.483301,-22.250684,0.616797,0.885059,-22.406543,0.268066,0.886230,22.342383,-0.729492,0.101367,22.158398,-0.967676,0.083594,22.152734,-0.623926
-0.381055,22.711719,-0.387695,-0.512012,22.350391,-0.263574,-0.724609,22.429102,-0.623437,-0.030176,-22.291113,0.553320,-0.141699,-22.697559,0.117285,-0.542578,-22.184082,0.202148,0.384277,-22.164746,0.951953,0.489355,-22.248828,0.618555,0.892871,-22.407910,0.269922,0.886230,22.340137,-0.729297,0.101074,22.158203,-0.967285,0.086230,22.153711,-0.623926
-0.385840,22.710547,-0.386523,-0.515234,22.353613,-0.264844,-0.729395,22.430176,-0.623633,-0.034766,-22.292480,0.556641,-0.141992,-22.697266,0.119824,-0.544922,-22.185156,0.203613,0.386426,-22.165527,0.952344,0.489941,-22.249512,0.615820,0.897363,-22.404492,0.269238,0.888965,22.337988,-0.728125,0.104199,22.159375,-0.966504,0.085059,22.154297,-0.621973
-0.390527,22.710645,-0.381348,-0.518262,22.352637,-0.259277,-0.739453,22.426562,-0.618848,-0.043262,-22.292480,0.550879,-0.150586,-22.700000,0.115332,-0.552344,-22.180469,0.198437,0.392578,-22.169336,0.955469,0.494824,-22.248145,0.618848,0.901563,-22.403809,0.273242,0.897559,22.337891,-0.733301,0.108887,22.159375,-0.968945,0.094238,22.150879,-0.626953
-0.398926,22.709863,-0.379883,-0.529102,22.352441,-0.257031,-0.748340,22.425781,-0.613379,-0.048438,-22.295313,0.547559,-0.156641,-22.699121,0.107520,-0.566406,-22.180469,0.195312,0.399121,-22.168262,0.957422,0.503711,-22.248145,0.621582,0.908105,-22.402246,0.278516,0.902344,22.335840,-0.736816,0.120801,22.158984,-0.972266,0.097559,22.151270,-0.629883
-0.407910,22.708984,-0.373535,-0.535937,22.349414,-0.251172,-0.746582,22.427344,-0.611426,-0.058887,-22.296094,0.544922,-0.160840,-22.698340,0.107422,-0.572559,-22.179785,0.192480,0.405078,-22.168359,0.963184,0.510059,-22.246289,0.628711,0.917285,-22.404102,0.281250,0.911328,22.336328,-0.741016,0.125684,22.157324,-0.978027,0.103516,22.153027,-0.634668
-0.413477,22.710449,-0.366895,-0.537891,22.349121,-0.246094,-0.760840,22.427148,-0.607324,-0.066309,-22.296094,0.537207,-0.169434,-22.699414,0.100977,-0.576855,-22.179883,0.186230,0.410742,-22.168262,0.968652,0.517480,-22.249316,0.632227,0.923340,-22.406250,0.287305,0.918652,22.337109,-0.747363,0.132129,22.160840,-0.982324,0.118164,22.155859,-0.643066
-0.418457,22.710547,-0.362402,-0.550195,22.351270,-0.241113,-0.765723,22.424512,-0.599805,-0.075000,-22.293262,0.534277,-0.176367,-22.698926,0.095996,-0.582031,-22.179688,0.182715,0.416699,-22.165039,0.972559,0.525879,-22.248340,0.636035,0.932910,-22.404199,0.290234,0.928809,22.338477,-0.750195,0.135937,22.156152,-0.987695,0.122266,22.153125,-0.644824
-0.424609,22.710254,-0.356543,-0.551465,22.350586,-0.235156,-0.776367,22.424219,-0.595020,-0.074414,-22.293066,0.527246,-0.186133,-22.694141,0.089844,-0.590625,-22.174512,0.175684,0.423828,-22.162500,0.975293,0.532422,-22.245605,0.642969,0.942285,-22.404395,0.297559,0.933789,22.335449,-0.756250,0.147656,22.155859,-0.994824,0.131543,22.155762,-0.649023
-0.437402,22.710254,-0.353223,-0.559668,22.349902,-0.230762,-0.781348,22.421680,-0.591895,-0.084668,-22.292773,0.522949,-0.189062,-22.695508,0.085254,-0.598633,-22.177148,0.170898,0.434766,-22.165137,0.980371,0.532520,-22.247949,0.646191,0.943848,-22.404590,0.302246,0.941504,22.336328,-0.760742,0.144238,22.155273,-0.998242,0.134766,22.154980,-0.653223
-0.443359,22.708691,-0.348340,-0.567871,22.348828,-0.224121,-0.781641,22.421094,-0.584277,-0.090918,-22.292285,0.518457,-0.196777,-22.695215,0.077832,-0.604102,-22.177734,0.166699,0.439160,-22.160937,0.988086,0.550879,-22.252832,0.652734,0.940430,-22.405762,0.304785,0.944922,22.336621,-0.766992,0.156055,22.156250,-1.002344,0.138379,22.150977,-0.659863
-0.442676,22.708008,-0.341406,-0.574023,22.347070,-0.217773,-0.788281,22.419141,-0.577734,-0.094824,-22.290723,0.510840,-0.204102,-22.693555,0.071973,-0.605762,-22.180371,0.162109,0.440039,-22.165137,0.993164,0.553516,-22.253418,0.657031,0.951367,-22.403320,0.312305,0.953613,22.333789,-0.772754,0.158496,22.154395,-1.007520,0.139160,22.151855,-0.665234
-0.448828,22.705566,-0.335645,-0.577246,22.350391,-0.215039,-0.792188,22.420605,-0.576660,-0.100781,-22.293262,0.506348,-0.205273,-22.696582,0.071191,-0.607227,-22.179785,0.156543,0.450586,-22.163770,0.997168,0.554980,-22.244531,0.662988,0.962207,-22.405469,0.315625,0.958984,22.335156,-0.778516,0.166406,22.156055,-1.013770,0.148145,22.151660,-0.670605
-0.455078,22.705566,-0.330078,-0.580371,22.349316,-0.207031,-0.798145,22.419629,-0.568066,-0.110059,-22.293066,0.501074,-0.209375,-22.693555,0.062207,-0.615430,-22.180371,0.149414,0.458594,-22.161816,1.002441,0.563379,-22.251172,0.670117,0.965820,-22.403711,0.323340,0.960254,22.334082,-0.782324,0.170313,22.155566,-1.019043,0.152246,22.151660,-0.674805
-0.459180,22.707520,-0.321484,-0.585645,22.348535,-0.202441,-0.802246,22.421387,-0.563086,-0.113086,-22.294238,0.496387,-0.218164,-22.695312,0.060254,-0.628027,-22.180078,0.144238,0.461816,-22.162891,1.009473,0.565137,-22.247363,0.673926,0.977441,-22.405859,0.329004,0.964063,22.335352,-0.788281,0.176855,22.155762,-1.025391,0.161621,22.149805,-0.679297
-0.464746,22.707227,-0.315820,-0.588281,22.349316,-0.195801,-0.806152,22.423730,-0.556738,-0.114551,-22.297559,0.488184,-0.223633,-22.695996,0.049902,-0.627344,-22.180957,0.139844,0.464941,-22.168750,1.015039,0.569629,-22.246777,0.681152,0.981836,-22.405469,0.333496,0.976855,22.338867,-0.796680,0.177734,22.155664,-1.032812,0.162891,22.154688,-0.687012
-0.470215,22.705176,-0.310254,-0.593750,22.347852,-0.188086,-0.812988,22.417480,-0.550879,-0.120215,-22.294238,0.484668,-0.222852,-22.694629,0.043262,-0.629883,-22.175586,0.135742,0.468750,-22.165820,1.020508,0.573828,-22.243945,0.685547,0.976855,-22.406641,0.341113,0.976855,22.335840,-0.800684,0.182422,22.155176,-1.038379,0.169727,22.153320,-0.694141
-0.467969,22.705957,-0.303906,-0.598828,22.346777,-0.181641,-0.814844,22.412793,-0.545117,-0.121094,-22.293750,0.476172,-0.229199,-22.696680,0.039551,-0.636719,-22.173828,0.129688,0.474219,-22.162891,1.027148,0.583301,-22.245020,0.693945,0.978613,-22.403809,0.348145,0.981152,22.337988,-0.807617,0.185645,22.155762,-1.042773,0.167383,22.151758,-0.699805
-0.477344,22.706055,-0.299805,-0.601367,22.346582,-0.176953,-0.819043,22.411230,-0.538184,-0.131738,-22.293848,0.472461,-0.232617,-22.694043,0.032324,-0.637988,-22.178223,0.122656,0.479785,-22.164062,1.033398,0.588086,-22.249414,0.698926,0.987695,-22.407129,0.351758,0.985742,22.336035,-0.813672,0.189062,22.156055,-1.050391,0.180566,22.154590,-0.704688
-0.473828,22.704492,-0.291699,-0.597754,22.347461,-0.169922,-0.824707,22.414062,-0.530664,-0.127734,-22.290527,0.465918,-0.238477,-22.693945,0.025293,-0.640625,-22.177246,0.114844,0.483008,-22.160937,1.038770,0.586719,-22.248047,0.705078,0.990820,-22.404102,0.359473,0.985840,22.335938,-0.820605,0.191211,22.153125,-1.057520,0.180957,22.152148,-0.712305
-0.481543,22.704883,-0.283789,-0.607227,22.347266,-0.163184,-0.822949,22.417188,-0.524023,-0.137012,-22.293359,0.458398,-0.236816,-22.696387,0.019922,-0.642285,-22.178027,0.109766,0.481348,-22.162598,1.045898,0.586719,-22.248340,0.712207,0.989453,-22.408887,0.367676,0.992676,22.336133,-0.826172,0.200977,22.155273,-1.062207,0.181836,22.154492,-0.716113
-0.480176,22.705371,-0.275586,-0.605078,22.348437,-0.154785,-0.826855,22.420215,-0.518652,-0.134863,-22.293066,0.452148,-0.245215,-22.694531,0.009180,-0.652246,-22.179395,0.104492,0.488379,-22.165332,1.053320,0.595215,-22.251367,0.718945,1.003027,-22.410937,0.372461,0.997559,22.339453,-0.834180,0.199609,22.153613,-1.067578,0.193359,22.153418,-0.722949
-0.479297,22.702832,-0.268848,-0.608887,22.345020,-0.149316,-0.829883,22.418164,-0.509766,-0.139453,-22.294434,0.444531,-0.244238,-22.693066,0.002832,-0.651172,-22.177344,0.097070,0.485645,-22.165820,1.060449,0.593945,-22.254980,0.725195,0.998535,-22.408496,0.380664,0.995801,22.337891,-0.842090,0.199609,22.157617,-1.076367,0.189453,22.151855,-0.731152
-0.486133,22.702539,-0.264258,-0.608887,22.343457,-0.141602,-0.831738,22.416211,-0.504199,-0.141797,-22.292090,0.438965,-0.246094,-22.695996,-0.002051,-0.653125,-22.175977,0.089551,0.489746,-22.164844,1.067676,0.599805,-22.248730,0.733496,1.002148,-22.409082,0.385352,0.998437,22.340234,-0.847949,0.207715,22.159277,-1.083594,0.186816,22.153711,-0.737695
-0.487012,22.704199,-0.254492,-0.606641,22.344531,-0.136816,-0.831055,22.416016,-0.498047,-0.139258,-22.293555,0.430078,-0.250391,-22.695215,-0.006934,-0.652246,-22.172949,0.081934,0.490234,-22.162793,1.072559,0.598633,-22.252832,0.741113,1.001758,-22.408594,0.394141,0.996777,22.337988,-0.856152,0.196777,22.156934,-1.091602,0.187695,22.152734,-0.744629
-0.494043,22.704590,-0.245996,-0.613672,22.342285,-0.127246,-0.842383,22.416406,-0.490234,-0.145703,-22.292188,0.423828,-0.250586,-22.692480,-0.015723,-0.657910,-22.174219,0.077051,0.492188,-22.164355,1.080762,0.591406,-22.250000,0.747070,1.004492,-22.410352,0.400684,1.002148,22.338281,-0.860547,0.202734,22.155762,-1.096973,0.193945,22.152441,-0.750684
-0.483301,22.701660,-0.239844,-0.609570,22.343848,-0.119043,-0.828418,22.416895,-0.482520,-0.145313,-22.293555,0.417578,-0.250977,-22.691602,-0.021191,-0.653516,-22.176465,0.068262,0.493066,-22.164355,1.087695,0.606445,-22.250488,0.753516,1.006055,-22.409082,0.408301,1.002441,22.340332,-0.871094,0.202148,22.155566,-1.104297,0.191406,22.151465,-0.757910
-0.485352,22.703125,-0.231348,-0.612598,22.342871,-0.115039,-0.833789,22.419336,-0.477344,-0.147461,-22.294531,0.409961,-0.254004,-22.690918,-0.029883,-0.655176,-22.175293,0.061035,0.487793,-22.168066,1.095996,0.612402,-22.254883,0.760547,1.003711,-22.410937,0.415039,1.005859,22.341211,-0.875879,0.206055,22.155957,-1.109961,0.193164,22.154492,-0.764551
-0.491016,22.699414,-0.225195,-0.613477,22.346094,-0.105273,-0.837598,22.422168,-0.468848,-0.147461,-22.294141,0.401758,-0.252832,-22.689941,-0.035937,-0.658691,-22.175879,0.055957,0.491504,-22.166797,1.101953,0.603516,-22.252539,0.770605,1.007031,-22.411328,0.420996,0.998145,22.343262,-0.882520,0.205859,22.159082,-1.117773,0.194043,22.158496,-0.772363
-0.485742,22.703320,-0.214355,-0.606152,22.345605,-0.099414,-0.833203,22.421973,-0.461719,-0.147656,-22.294922,0.394922,-0.252930,-22.692285,-0.046094,-0.653418,-22.173437,0.048340,0.493555,-22.167383,1.110742,0.603711,-22.251074,0.776563,1.001172,-22.413281,0.429297,0.998926,22.344141,-0.891309,0.200195,22.157129,-1.127832,0.191797,22.156641,-0.779004
-0.484180,22.702539,-0.207813,-0.606934,22.344922,-0.091211,-0.832129,22.422559,-0.455859,-0.142871,-22.295898,0.389160,-0.248145,-22.691211,-0.053711,-0.655664,-22.173828,0.038965,0.491602,-22.171191,1.118848,0.602734,-22.245605,0.784668,1.005957,-22.414648,0.436133,0.999023,22.344043,-0.898340,0.202734,22.157715,-1.134668,0.189453,22.159961,-0.786914
-0.484277,22.702246,-0.202930,-0.609570,22.343262,-0.086133,-0.832129,22.420020,-0.447168,-0.143164,-22.294336,0.380762,-0.247363,-22.692773,-0.059375,-0.655957,-22.172070,0.031934,0.491113,-22.171289,1.124805,0.600000,-22.249219,0.791309,1.002441,-22.412207,0.444727,1.000000,22.341211,-0.907227,0.202246,22.156934,-1.141602,0.190234,22.159082,-0.794238
-0.484961,22.702246,-0.195410,-0.599023,22.344922,-0.077148,-0.831543,22.423926,-0.439746,-0.139063,-22.296680,0.373633,-0.247070,-22.692383,-0.064844,-0.651953,-22.173340,0.026367,0.489648,-22.168945,1.133594,0.596777,-22.250391,0.797949,1.002051,-22.411035,0.453027,0.998145,22.345508,-0.914258,0.200391,22.160547,-1.147266,0.187891,22.163574,-0.801367
-0.481543,22.700391,-0.188184,-0.606152,22.343359,-0.069922,-0.825684,22.418164,-0.431738,-0.138379,-22.296582,0.368359,-0.245215,-22.694336,-0.073828,-0.648535,-22.171973,0.017871,0.487012,-22.168359,1.139551,0.595605,-22.252930,0.806836,0.996387,-22.413477,0.460156,0.992578,22.344727,-0.921973,0.197754,22.159668,-1.154590,0.194238,22.161328,-0.808398
-0.482324,22.700195,-0.181250,-0.599512,22.344922,-0.065137,-0.823535,22.419629,-0.426074,-0.141699,-22.297949,0.359766,-0.242969,-22.694922,-0.081348,-0.652246,-22.174219,0.010352,0.486230,-22.167871,1.145898,0.599414,-22.252734,0.813770,1.003906,-22.410937,0.465332,0.996484,22.345508,-0.927637,0.195508,22.162109,-1.162109,0.189355,22.162793,-0.816016
-0.476172,22.697949,-0.172754,-0.594434,22.343750,-0.057031,-0.821387,22.418262,-0.416309,-0.136133,-22.299805,0.351562,-0.241211,-22.694727,-0.088867,-0.649023,-22.177539,0.005273,0.487012,-22.164746,1.153906,0.592480,-22.245996,0.820898,0.993457,-22.413281,0.472559,0.991309,22.346094,-0.936914,0.197852,22.163574,-1.169531,0.190332,22.164844,-0.822559
-0.472168,22.699219,-0.167187,-0.593555,22.344531,-0.052539,-0.813184,22.418066,-0.412012,-0.131152,-22.298730,0.344238,-0.238281,-22.697363,-0.095703,-0.645801,-22.177637,0.000000,0.480566,-22.162891,1.161230,0.588184,-22.246387,0.825781,0.987988,-22.415332,0.480664,0.986816,22.348145,-0.941602,0.188965,22.165234,-1.175684,0.181250,22.165234,-0.828613
-0.469434,22.699316,-0.159961,-0.588574,22.344238,-0.043066,-0.810547,22.420996,-0.404199,-0.129297,-22.297754,0.338672,-0.229785,-22.696875,-0.103516,-0.646582,-22.178125,-0.007520,0.474805,-22.165820,1.168555,0.591406,-22.246484,0.834473,0.990820,-22.413477,0.487598,0.981934,22.351367,-0.949023,0.191406,22.167969,-1.183887,0.182617,22.166992,-0.837500
-0.462500,22.697949,-0.153613,-0.586035,22.341113,-0.036426,-0.807324,22.420508,-0.398535,-0.123535,-22.295703,0.332031,-0.230078,-22.692871,-0.108008,-0.640332,-22.177344,-0.014844,0.468164,-22.168652,1.175488,0.578223,-22.254395,0.840918,0.983105,-22.411230,0.494531,0.976953,22.349316,-0.956543,0.188281,22.168359,-1.192090,0.176758,22.169629,-0.842969
-0.462500,22.701172,-0.144531,-0.580176,22.343457,-0.028320,-0.800977,22.417676,-0.391016,-0.119824,-22.297656,0.327344,-0.229199,-22.698730,-0.117188,-0.638574,-22.178906,-0.022266,0.469824,-22.165430,1.179004,0.577441,-22.251855,0.847168,0.988965,-22.413867,0.501660,0.980273,22.352930,-0.963672,0.183887,22.165527,-1.197461,0.173437,22.170605,-0.851953
-0.453516,22.699609,-0.138379,-0.574023,22.339844,-0.021680,-0.804590,22.411621,-0.384277,-0.119336,-22.297949,0.320312,-0.219531,-22.696094,-0.126172,-0.629004,-22.177637,-0.029492,0.462891,-22.165234,1.190430,0.577734,-22.246973,0.855566,0.980371,-22.412402,0.508301,0.974219,22.351465,-0.969922,0.176855,22.169824,-1.202637,0.164062,22.172754,-0.857227
-0.451172,22.699414,-0.127930,-0.568066,22.340820,-0.013477,-0.795996,22.411914,-0.375684,-0.117090,-22.293652,0.310742,-0.216309,-22.695508,-0.131543,-0.625195,-22.180078,-0.035840,0.454297,-22.165430,1.197754,0.565039,-22.249023,0.863770,0.968848,-22.412695,0.518457,0.958008,22.353027,-0.979590,0.176172,22.167188,-1.213477,0.159570,22.173047,-0.867773
-0.445996,22.699902,-0.124316,-0.562598,22.339941,-0.007422,-0.788379,22.412207,-0.368262,-0.112207,-22.297363,0.303809,-0.207324,-22.697168,-0.137695,-0.621289,-22.182129,-0.045312,0.452246,-22.169238,1.203223,0.562695,-22.249219,0.870508,0.963379,-22.408496,0.523438,0.958594,22.356250,-0.986719,0.167285,22.167773,-1.220898,0.155371,22.173340,-0.874219
-0.435840,22.701563,-0.115039,-0.558203,22.339941,-0.002246,-0.781836,22.417383,-0.364160,-0.103223,-22.298926,0.299512,-0.206543,-22.698730,-0.146582,-0.612891,-22.179492,-0.052539,0.449023,-22.163086,1.210840,0.555566,-22.250391,0.878320,0.964453,-22.412109,0.528613,0.958203,22.355273,-0.992871,0.161816,22.171191,-1.226562,0.153418,22.174023,-0.879297
-0.431348,22.700000,-0.110254,-0.556055,22.338770,0.003906,-0.777734,22.415527,-0.358594,-0.091992,-22.297656,0.291895,-0.195703,-22.698340,-0.147559,-0.611035,-22.180078,-0.054883,0.441113,-22.161621,1.217480,0.549902,-22.245508,0.882227,0.954297,-22.410254,0.537109,0.951855,22.355469,-0.996973,0.155957,22.172852,-1.231836,0.139648,22.170410,-0.885840
-0.419727,22.697949,-0.106836,-0.543848,22.338184,0.009570,-0.764160,22.410840,-0.354102,-0.082324,-22.299902,0.287598,-0.191895,-22.698242,-0.155078,-0.600391,-22.181055,-0.061426,0.436523,-22.162500,1.222168,0.546680,-22.244727,0.888965,0.945605,-22.410254,0.543164,0.941309,22.355371,-1.002832,0.153809,22.172559,-1.238965,0.140430,22.171094,-0.889941
-0.420410,22.695996,-0.099219,-0.539160,22.337598,0.014258,-0.759375,22.412695,-0.349512,-0.085059,-22.306543,0.283984,-0.184570,-22.697559,-0.162988,-0.602637,-22.180566,-0.066895,0.423730,-22.164746,1.226270,0.530469,-22.242285,0.892383,0.944043,-22.409668,0.547949,0.931934,22.358008,-1.009082,0.142676,22.170801,-1.241699,0.136816,22.173926,-0.896680
-0.414160,22.697754,-0.095410,-0.532324,22.338574,0.018262,-0.751758,22.408984,-0.345898,-0.069824,-22.306348,0.277637,-0.178516,-22.697656,-0.166504,-0.587500,-22.182227,-0.070020,0.425293,-22.163672,1.229102,0.529492,-22.252637,0.897266,0.934375,-22.412988,0.551660,0.923926,22.358691,-1.012695,0.138965,22.174121,-1.247461,0.125391,22.175195,-0.899512
-0.397656,22.700781,-0.093359,-0.524316,22.338965,0.020703,-0.746191,22.412305,-0.341211,-0.065820,-22.306641,0.276367,-0.168164,-22.697949,-0.169141,-0.578418,-22.184375,-0.074707,0.412012,-22.162891,1.233105,0.527148,-22.244727,0.901367,0.921191,-22.412109,0.555469,0.921191,22.358691,-1.016699,0.133691,22.172949,-1.248926,0.124023,22.173242,-0.904687
-0.388965,22.700977,-0.088184,-0.520703,22.337109,0.025879,-0.736133,22.411133,-0.336230,-0.060449,-22.305371,0.273047,-0.162305,-22.700195,-0.173242,-0.580762,-22.182227,-0.079297,0.402148,-22.164453,1.236230,0.520508,-22.242676,0.904004,0.922461,-22.411621,0.558496,0.910449,22.358789,-1.020215,0.125000,22.171094,-1.253223,0.108691,22.173926,-0.908301
-0.387109,22.696680,-0.087500,-0.510156,22.339063,0.027734,-0.722949,22.410449,-0.331934,-0.050879,-22.303906,0.267871,-0.150293,-22.699121,-0.176953,-0.567969,-22.181250,-0.082422,0.397168,-22.163867,1.240332,0.504492,-22.240234,0.907520,0.911719,-22.407910,0.563477,0.910156,22.356934,-1.024707,0.115918,22.170703,-1.256641,0.103320,22.173926,-0.911914
-0.377734,22.697559,-0.077832,-0.505762,22.338770,0.032227,-0.717578,22.407031,-0.328320,-0.045215,-22.305664,0.260937,-0.148633,-22.697949,-0.181543,-0.557813,-22.183496,-0.087695,0.384766,-22.162207,1.244824,0.505078,-22.242969,0.913184,0.906152,-22.411719,0.568652,0.891602,22.360352,-1.029590,0.110937,22.170898,-1.262598,0.097168,22.176367,-0.917773
-0.374121,22.699121,-0.076563,-0.500000,22.338379,0.036914,-0.719531,22.408789,-0.324316,-0.036621,-22.307422,0.258789,-0.142578,-22.698242,-0.187012,-0.552539,-22.184766,-0.089844,0.383301,-22.161719,1.250000,0.494824,-22.246387,0.918164,0.902148,-22.413086,0.572949,0.888965,22.359961,-1.034961,0.102930,22.172754,-1.266113,0.093262,22.175000,-0.920703
-0.359375,22.694531,-0.073242,-0.490430,22.332324,0.038574,-0.703320,22.404785,-0.320312,-0.029492,-22.303809,0.252344,-0.131543,-22.699609,-0.188965,-0.545996,-22.182129,-0.097168,0.367383,-22.160254,1.253125,0.486133,-22.239062,0.921094,0.897754,-22.408887,0.575684,0.875195,22.360449,-1.037305,0.094141,22.169922,-1.271289,0.080762,22.173633,-0.925000
-0.354883,22.695312,-0.068652,-0.480176,22.335742,0.044238,-0.692871,22.402930,-0.319531,-0.021875,-22.305957,0.248340,-0.122070,-22.699414,-0.194434,-0.533789,-22.185059,-0.100000,0.358301,-22.158203,1.259082,0.478418,-22.245996,0.926270,0.886035,-22.411523,0.581152,0.876758,22.357813,-1.042188,0.089648,22.174414,-1.274316,0.078320,22.174121,-0.928125
-0.347559,22.698047,-0.065234,-0.469629,22.337012,0.046680,-0.690332,22.407910,-0.315332,-0.012891,-22.304492,0.246094,-0.117285,-22.699512,-0.197852,-0.526465,-22.185449,-0.103809,0.350293,-22.161621,1.262793,0.470020,-22.242285,0.930859,0.878906,-22.408887,0.584082,0.861719,22.362695,-1.045703,0.080078,22.171875,-1.277734,0.066113,22.171875,-0.934180
-0.341016,22.695801,-0.060449,-0.467090,22.337598,0.050879,-0.680957,22.404980,-0.311914,-0.002637,-22.306445,0.241113,-0.107422,-22.700000,-0.202539,-0.529980,-22.186426,-0.108398,0.341016,-22.160645,1.267187,0.461133,-22.242871,0.933984,0.866797,-22.409277,0.590234,0.856445,22.360840,-1.050488,0.074805,22.173437,-1.282227,0.059766,22.175781,-0.935547
-0.335156,22.695996,-0.058789,-0.454883,22.336426,0.053809,-0.671582,22.411230,-0.308008,0.000781,-22.307324,0.239648,-0.103711,-22.701367,-0.206543,-0.515430,-22.185645,-0.111914,0.336230,-22.158789,1.268750,0.454492,-22.248828,0.937402,0.859863,-22.408691,0.591992,0.847656,22.363477,-1.052637,0.063281,22.176758,-1.285449,0.056934,22.176855,-0.941504
-0.322363,22.699414,-0.054688,-0.441504,22.337988,0.055957,-0.665918,22.408496,-0.304297,0.014453,-22.307129,0.235449,-0.092188,-22.703418,-0.208887,-0.499512,-22.186621,-0.113770,0.329102,-22.160840,1.270898,0.443945,-22.243066,0.939746,0.855176,-22.409180,0.596680,0.840723,22.361719,-1.056250,0.058105,22.174512,-1.287500,0.044922,22.176270,-0.943066
-0.312891,22.696973,-0.053613,-0.438086,22.336426,0.058984,-0.655762,22.411328,-0.302539,0.026465,-22.309277,0.233301,-0.082520,-22.700781,-0.212402,-0.494336,-22.185352,-0.117676,0.318945,-22.161523,1.275391,0.434375,-22.242773,0.942578,0.842480,-22.407910,0.597363,0.828613,22.362500,-1.061523,0.047754,22.175391,-1.291699,0.034082,22.177734,-0.946387
-0.304297,22.698242,-0.049902,-0.429004,22.337500,0.060937,-0.649316,22.410254,-0.299707,0.029297,-22.308789,0.230176,-0.071777,-22.702734,-0.212207,-0.488965,-22.189258,-0.120020,0.304883,-22.158594,1.275586,0.427148,-22.248828,0.947266,0.833008,-22.409961,0.599414,0.821777,22.362793,-1.059473,0.039648,22.172949,-1.294043,0.024219,22.175000,-0.947363
-0.298242,22.698828,-0.048633,-0.421289,22.336621,0.063379,-0.632324,22.406836,-0.297754,0.038965,-22.310352,0.227246,-0.064258,-22.701074,-0.216113,-0.478320,-22.187891,-0.122754,0.297461,-22.157812,1.280273,0.412402,-22.242285,0.948633,0.827051,-22.409277,0.602539,0.811328,22.362695,-1.061621,0.032910,22.175977,-1.295117,0.019141,22.176367,-0.951562
-0.292773,22.698535,-0.047949,-0.403711,22.336328,0.064258,-0.628320,22.403320,-0.296777,0.052148,-22.310645,0.226855,-0.056641,-22.704199,-0.220801,-0.468262,-22.189453,-0.123926,0.290918,-22.159082,1.282520,0.408789,-22.238672,0.952441,0.825488,-22.407520,0.606348,0.800586,22.364941,-1.063965,0.022656,22.176758,-1.299023,0.011719,22.177246,-0.952734
-0.281250,22.699707,-0.045508,-0.398730,22.336133,0.065625,-0.619824,22.404590,-0.294629,0.058984,-22.308398,0.222559,-0.049219,-22.705566,-0.220508,-0.461035,-22.190625,-0.126465,0.272656,-22.155078,1.282422,0.400781,-22.237988,0.951270,0.813477,-22.411426,0.610254,0.788574,22.367285,-1.066797,0.014063,22.175098,-1.299707,-0.003809,22.178320,-0.955566
-0.272266,22.697949,-0.044238,-0.394531,22.335449,0.066211,-0.607422,22.405469,-0.293066,0.072656,-22.310742,0.222461,-0.030762,-22.706934,-0.221973,-0.452344,-22.190625,-0.129492,0.269141,-22.155859,1.284375,0.385742,-22.236426,0.953809,0.807422,-22.410547,0.610645,0.784766,22.362109,-1.069727,-0.000488,22.175684,-1.302930,-0.007812,22.178613,-0.957812
-0.266406,22.697852,-0.043262,-0.381934,22.334473,0.066602,-0.597656,22.402051,-0.292871,0.079004,-22.304688,0.218945,-0.026074,-22.704102,-0.223730,-0.439648,-22.189746,-0.128711,0.256348,-22.153711,1.285352,0.374023,-22.240430,0.955078,0.793164,-22.409082,0.611914,0.774902,22.364062,-1.069141,-0.006738,22.178809,-1.302148,-0.014551,22.178027,-0.956738
-0.256055,22.695508,-0.041406,-0.373340,22.334766,0.067383,-0.589844,22.404590,-0.289746,0.084766,-22.306738,0.219727,-0.016992,-22.704980,-0.225391,-0.432422,-22.188770,-0.131738,0.249414,-22.154590,1.285937,0.367480,-22.239941,0.960254,0.785059,-22.408496,0.612891,0.763379,22.363379,-1.073730,-0.012012,22.179688,-1.304980,-0.022754,22.179883,-0.961035
-0.242480,22.697656,-0.041504,-0.367090,22.337207,0.069727,-0.581055,22.402832,-0.291113,0.103516,-22.305371,0.216113,-0.010937,-22.707812,-0.223730,-0.422363,-22.191211,-0.134473,0.234668,-22.153223,1.287207,0.361328,-22.238867,0.958984,0.775488,-22.408203,0.613281,0.754590,22.362402,-1.074609,-0.019922,22.176367,-1.303613,-0.032227,22.179004,-0.960742
-0.233887,22.696777,-0.041602,-0.349512,22.333105,0.069434,-0.569824,22.403711,-0.288281,0.105762,-22.304004,0.217090,0.002051,-22.705859,-0.227734,-0.414062,-22.189941,-0.134375,0.225391,-22.150391,1.287793,0.348145,-22.240039,0.958398,0.768750,-22.408203,0.616211,0.745117,22.363867,-1.073730,-0.035742,22.178027,-1.306641,-0.045215,22.174805,-0.961230
-0.220605,22.695801,-0.040723,-0.345215,22.334277,0.070996,-0.559180,22.405469,-0.289062,0.115430,-22.305176,0.216602,0.005664,-22.705371,-0.229297,-0.402441,-22.189551,-0.135449,0.216992,-22.148828,1.290625,0.344336,-22.243457,0.962598,0.753418,-22.406250,0.614062,0.737305,22.362500,-1.076074,-0.044141,22.176367,-1.304980,-0.050000,22.176562,-0.962207
-0.214160,22.697461,-0.039746,-0.336719,22.335547,0.068164,-0.548535,22.405273,-0.289453,0.125781,-22.308789,0.217090,0.016406,-22.709473,-0.228809,-0.393555,-22.190430,-0.133984,0.205176,-22.152734,1.288477,0.330371,-22.234668,0.958984,0.743652,-22.405566,0.614746,0.718750,22.364258,-1.076953,-0.053809,22.178809,-1.306836,-0.061133,22.178418,-0.962598
-0.202734,22.696094,-0.039551,-0.330762,22.334863,0.069336,-0.536621,22.406641,-0.288477,0.137012,-22.314648,0.216016,0.027148,-22.706934,-0.232617,-0.386621,-22.189746,-0.136230,0.198437,-22.152344,1.288965,0.316797,-22.237402,0.959863,0.736035,-22.404785,0.615039,0.717285,22.365918,-1.076563,-0.062402,22.176660,-1.306152,-0.067285,22.176367,-0.962402
-0.196191,22.695508,-0.038574,-0.315918,22.337109,0.069727,-0.527539,22.408105,-0.291992,0.144531,-22.315820,0.217969,0.030273,-22.707520,-0.228613,-0.382422,-22.191211,-0.135840,0.190234,-22.152344,1.287500,0.312598,-22.236523,0.960059,0.735742,-22.407910,0.615137,0.698633,22.368457,-1.074414,-0.069141,22.177246,-1.306055,-0.078516,22.178320,-0.963184
-0.183398,22.698535,-0.038672,-0.302930,22.336816,0.069043,-0.521777,22.407129,-0.290430,0.151758,-22.318555,0.217188,0.044824,-22.707520,-0.229004,-0.367480,-22.190918,-0.135449,0.178906,-22.151270,1.288867,0.299609,-22.236914,0.961914,0.727539,-22.404102,0.614355,0.693359,22.365723,-1.075098,-0.078809,22.177930,-1.306250,-0.084961,22.175781,-0.960742
-0.173730,22.697559,-0.042188,-0.301758,22.337500,0.067676,-0.508887,22.406152,-0.291211,0.164551,-22.320508,0.221484,0.052832,-22.710254,-0.229492,-0.357324,-22.194531,-0.133789,0.170996,-22.157324,1.287500,0.287891,-22.238770,0.959668,0.718359,-22.408496,0.613379,0.685840,22.366211,-1.074414,-0.090137,22.179297,-1.304004,-0.100586,22.178027,-0.959863
-0.169727,22.697559,-0.042676,-0.291211,22.337598,0.065723,-0.496777,22.406348,-0.294531,0.176172,-22.321387,0.219141,0.061133,-22.710840,-0.227930,-0.351367,-22.194531,-0.133887,0.160742,-22.153809,1.289551,0.282324,-22.246875,0.960547,0.714258,-22.410156,0.612695,0.674219,22.369043,-1.072559,-0.100098,22.178516,-1.302051,-0.104590,22.178711,-0.961523
-0.158301,22.697363,-0.044922,-0.283008,22.337988,0.064355,-0.487500,22.406348,-0.294434,0.183398,-22.317578,0.220996,0.071680,-22.713086,-0.227734,-0.340527,-22.195020,-0.131641,0.152539,-22.153906,1.284082,0.269824,-22.240332,0.957715,0.695020,-22.408203,0.611914,0.662207,22.369336,-1.071680,-0.108887,22.176758,-1.302051,-0.118262,22.181738,-0.958887
-0.148047,22.699707,-0.046289,-0.267871,22.337793,0.064844,-0.483203,22.403613,-0.292969,0.190625,-22.318652,0.222949,0.084180,-22.713867,-0.225586,-0.329492,-22.195117,-0.132910,0.140918,-22.151074,1.284375,0.263770,-22.245313,0.959277,0.693164,-22.406348,0.609277,0.660742,22.368652,-1.074316,-0.119629,22.175684,-1.301758,-0.124414,22.180469,-0.958887
-0.137891,22.696680,-0.046094,-0.258887,22.331348,0.063086,-0.472461,22.409375,-0.295898,0.203223,-22.316992,0.223730,0.093652,-22.710742,-0.223828,-0.320996,-22.194922,-0.133984,0.133789,-22.147852,1.282227,0.245703,-22.239941,0.957910,0.682617,-22.399414,0.609277,0.645703,22.366406,-1.069629,-0.130078,22.173828,-1.301172,-0.136523,22.175391,-0.958203
-0.130469,22.697070,-0.046191,-0.247852,22.335449,0.060840,-0.468457,22.408301,-0.297949,0.210059,-22.318457,0.225000,0.092871,-22.711035,-0.223047,-0.310840,-22.197461,-0.130664,0.129883,-22.148633,1.281348,0.240234,-22.245508,0.954395,0.680762,-22.404004,0.608398,0.636035,22.368066,-1.067676,-0.136035,22.176758,-1.297754,-0.142676,22.175293,-0.954785
-0.125977,22.697363,-0.051172,-0.246582,22.337402,0.055762,-0.453711,22.401074,-0.299121,0.215332,-22.317187,0.225781,0.112012,-22.712695,-0.220215,-0.305176,-22.194824,-0.128711,0.116406,-22.149707,1.279492,0.225586,-22.241406,0.952344,0.666699,-22.401270,0.607617,0.627344,22.369434,-1.066992,-0.146582,22.179102,-1.297559,-0.155273,22.173926,-0.953516
-0.117773,22.695703,-0.054199,-0.231641,22.337598,0.054688,-0.449902,22.406152,-0.302051,0.225879,-22.316016,0.228418,0.119141,-22.712305,-0.217871,-0.299121,-22.196973,-0.127637,0.113965,-22.151172,1.276953,0.220117,-22.245703,0.950879,0.658691,-22.400000,0.604395,0.622266,22.367773,-1.063672,-0.151367,22.177148,-1.294629,-0.159375,22.171289,-0.948828
-0.107715,22.696387,-0.054395,-0.227441,22.338477,0.054199,-0.435547,22.411719,-0.304297,0.237598,-22.317285,0.229199,0.127246,-22.713281,-0.216016,-0.285547,-22.199316,-0.125293,0.098926,-22.150684,1.272949,0.212891,-22.240137,0.948730,0.651953,-22.399219,0.600586,0.613574,22.367480,-1.063867,-0.161328,22.178516,-1.290820,-0.170215,22.173242,-0.948535
-0.095312,22.695801,-0.058301,-0.213965,22.337598,0.050391,-0.426465,22.408887,-0.308887,0.248145,-22.317187,0.233008,0.129395,-22.713281,-0.215820,-0.279004,-22.197949,-0.124316,0.090430,-22.150879,1.273047,0.205957,-22.238867,0.947070,0.644238,-22.397363,0.597168,0.606250,22.368652,-1.059473,-0.172363,22.174707,-1.288770,-0.175000,22.172559,-0.947363
-0.087598,22.698633,-0.060937,-0.207910,22.338965,0.048828,-0.424121,22.407617,-0.310352,0.252734,-22.320605,0.236230,0.143457,-22.711914,-0.212891,-0.278613,-22.200000,-0.120605,0.084668,-22.150488,1.270312,0.198926,-22.237695,0.943848,0.641211,-22.399121,0.596191,0.600293,22.369727,-1.057910,-0.177441,22.177734,-1.285840,-0.188574,22.173437,-0.943848
-0.081543,22.698633,-0.065332,-0.200586,22.338379,0.046875,-0.412500,22.411328,-0.310059,0.263086,-22.322266,0.239648,0.148340,-22.713770,-0.211816,-0.267188,-22.201953,-0.119141,0.070215,-22.149121,1.266016,0.201270,-22.238965,0.941895,0.627734,-22.397559,0.593652,0.586914,22.368555,-1.055371,-0.183594,22.179102,-1.284082,-0.194043,22.172266,-0.939258
-0.070020,22.700781,-0.067871,-0.192871,22.340820,0.041992,-0.412891,22.413086,-0.316895,0.268359,-22.323730,0.242871,0.150098,-22.717676,-0.205762,-0.253125,-22.202441,-0.114160,0.068848,-22.150195,1.261621,0.183008,-22.236035,0.939551,0.626465,-22.398535,0.589160,0.585059,22.369824,-1.048242,-0.193066,22.178613,-1.279980,-0.196289,22.171875,-0.937695
-0.063477,22.700488,-0.073340,-0.188574,22.340918,0.039844,-0.400098,22.413184,-0.319727,0.272949,-22.321680,0.244922,0.162402,-22.719336,-0.202441,-0.249023,-22.203418,-0.109961,0.059766,-22.149609,1.261816,0.172754,-22.235937,0.938184,0.619043,-22.396680,0.586914,0.584277,22.369531,-1.046680,-0.197949,22.179297,-1.277344,-0.202441,22.175293,-0.933887
-0.053027,22.700879,-0.075391,-0.178906,22.340918,0.033789,-0.395996,22.413770,-0.323535,0.286523,-22.322754,0.247852,0.168066,-22.719043,-0.201660,-0.240918,-22.203711,-0.107129,0.054785,-22.147168,1.257031,0.162793,-22.236426,0.932031,0.613086,-22.398145,0.581445,0.573730,22.370117,-1.044336,-0.202344,22.177539,-1.272266,-0.210059,22.172656,-0.930273
-0.052832,22.699609,-0.078418,-0.173730,22.342188,0.031836,-0.387109,22.416309,-0.325977,0.293066,-22.323535,0.253516,0.176270,-22.719141,-0.197070,-0.232324,-22.205371,-0.104883,0.052246,-22.145703,1.254199,0.155957,-22.241992,0.929590,0.603320,-22.396387,0.579492,0.564258,22.370605,-1.038672,-0.215820,22.177539,-1.269922,-0.215039,22.174609,-0.926465
-0.045508,22.699023,-0.084375,-0.165625,22.343262,0.027441,-0.376758,22.412305,-0.329004,0.301855,-22.323047,0.255664,0.179688,-22.719141,-0.191113,-0.231250,-22.204590,-0.100781,0.042871,-22.148242,1.249707,0.151562,-22.238379,0.925195,0.598828,-22.396582,0.576758,0.563965,22.370898,-1.034766,-0.221484,22.175488,-1.265625,-0.224414,22.174121,-0.922754
-0.037695,22.700488,-0.088379,-0.157227,22.343262,0.021094,-0.375781,22.413770,-0.334961,0.310352,-22.324805,0.260352,0.188965,-22.721191,-0.184961,-0.217676,-22.206348,-0.095410,0.037207,-22.149902,1.245020,0.143652,-22.241602,0.920508,0.594141,-22.395898,0.571582,0.553223,22.369629,-1.031152,-0.227832,22.173145,-1.258984,-0.229687,22.172559,-0.919824
-0.024219,22.697070,-0.093750,-0.155371,22.341211,0.014746,-0.369531,22.404980,-0.340625,0.313770,-22.323340,0.268066,0.194141,-22.718066,-0.180371,-0.212109,-22.203320,-0.090527,0.030371,-22.146582,1.239844,0.141602,-22.243652,0.915332,0.584766,-22.397461,0.565234,0.548633,22.369336,-1.025098,-0.233789,22.172461,-1.254395,-0.234766,22.170801,-0.914160
-0.022559,22.699609,-0.100195,-0.147070,22.344531,0.009082,-0.365527,22.412500,-0.346875,0.318555,-22.324121,0.273145,0.197559,-22.722949,-0.174023,-0.212402,-22.209863,-0.084961,0.025781,-22.147363,1.234180,0.128711,-22.238770,0.909375,0.578418,-22.399023,0.560742,0.545312,22.373145,-1.020215,-0.240332,22.174805,-1.251855,-0.240332,22.171094,-0.907227
-0.021582,22.701270,-0.103613,-0.145996,22.342383,0.003223,-0.359082,22.414355,-0.351855,0.321191,-22.324316,0.277051,0.205469,-22.723633,-0.169922,-0.204199,-22.208496,-0.080078,0.018945,-22.149121,1.227051,0.125000,-22.237891,0.905078,0.574316,-22.396387,0.555664,0.537402,22.369238,-1.012891,-0.249902,22.178613,-1.243262,-0.248145,22.170508,-0.902051
-0.013379,22.701367,-0.106055,-0.136719,22.342383,0.000879,-0.354102,22.411133,-0.357617,0.332129,-22.325195,0.282227,0.209180,-22.721875,-0.164844,-0.197266,-22.210156,-0.076660,0.013184,-22.143652,1.225293,0.122852,-22.239160,0.898828,0.571973,-22.396094,0.554395,0.534766,22.369238,-1.008105,-0.252344,22.176367,-1.239453,-0.246582,22.167090,-0.898730
-0.007812,22.700293,-0.118262,-0.134180,22.342578,-0.005664,-0.343652,22.411719,-0.362305,0.334375,-22.324023,0.289941,0.215723,-22.724414,-0.158691,-0.195020,-22.210059,-0.071094,0.015625,-22.145898,1.219336,0.108984,-22.245801,0.893555,0.568652,-22.395801,0.545605,0.531152,22.365625,-1.004199,-0.254492,22.177539,-1.232813,-0.255273,22.164453,-0.891406
-0.007422,22.703906,-0.119727,-0.128320,22.344629,-0.009473,-0.343750,22.413965,-0.368359,0.340625,-22.326367,0.293164,0.217969,-22.725293,-0.156543,-0.187598,-22.209082,-0.064551,0.008984,-22.145605,1.214941,0.107520,-22.237695,0.891113,0.564746,-22.395117,0.540039,0.527441,22.366211,-0.999121,-0.259961,22.176074,-1.229492,-0.255273,22.164355,-0.884766
0.000586,22.704395,-0.128125,-0.121875,22.346387,-0.016797,-0.337891,22.411621,-0.375977,0.342676,-22.324902,0.297168,0.223438,-22.724316,-0.145508,-0.189453,-22.208887,-0.059570,0.003906,-22.145703,1.207324,0.103125,-22.240723,0.885059,0.559473,-22.400488,0.535742,0.515625,22.368750,-0.991016,-0.264941,22.173242,-1.223437,-0.262109,22.164746,-0.882422
-0.001367,22.706934,-0.134668,-0.120898,22.348242,-0.023828,-0.336523,22.416895,-0.381152,0.346777,-22.328418,0.307812,0.219727,-22.724902,-0.139648,-0.185449,-22.211621,-0.051562,-0.000586,-22.150586,1.200488,0.103711,-22.237695,0.876367,0.560645,-22.393848,0.527148,0.518750,22.370020,-0.985352,-0.267676,22.176074,-1.216211,-0.263086,22.165918,-0.874219
0.004590,22.706445,-0.142969,-0.118066,22.347461,-0.030273,-0.334082,22.416113,-0.388379,0.355566,-22.327148,0.313086,0.229395,-22.727637,-0.132422,-0.176855,-22.212305,-0.045605,-0.004785,-22.149512,1.193164,0.098242,-22.239453,0.870117,0.550879,-22.397168,0.522656,0.511914,22.368164,-0.979004,-0.271289,22.175293,-1.206934,-0.269531,22.166699,-0.865234
0.007812,22.706152,-0.151172,-0.112207,22.348633,-0.039941,-0.329590,22.419531,-0.399512,0.354004,-22.326563,0.323242,0.229980,-22.726270,-0.124219,-0.175684,-22.212695,-0.037891,-0.008789,-22.145801,1.184668,0.092383,-22.233301,0.861230,0.550879,-22.398047,0.512891,0.509473,22.368945,-0.970117,-0.273242,22.171094,-1.198926,-0.279199,22.165527,-0.858105
0.006934,22.708008,-0.162500,-0.110449,22.345508,-0.050977,-0.327637,22.421191,-0.406934,0.358301,-22.328125,0.331738,0.232520,-22.725098,-0.114062,-0.174023,-22.213184,-0.027441,-0.013379,-22.142871,1.176465,0.093848,-22.238184,0.851562,0.545801,-22.396484,0.503516,0.508984,22.368750,-0.960938,-0.278125,22.172461,-1.189160,-0.284180,22.165820,-0.846973
0.012793,22.709766,-0.168652,-0.109961,22.354102,-0.057031,-0.322070,22.420313,-0.413477,0.357031,-22.329492,0.338770,0.236816,-22.727441,-0.107617,-0.169824,-22.215137,-0.022461,-0.014355,-22.145605,1.167871,0.088574,-22.234277,0.841895,0.537402,-22.397070,0.494824,0.504199,22.368750,-0.951562,-0.280566,22.173242,-1.179688,-0.285352,22.165234,-0.839160
0.013281,22.713281,-0.177930,-0.104395,22.359375,-0.064062,-0.316699,22.421680,-0.424023,0.355664,-22.329102,0.349023,0.240039,-22.727637,-0.099707,-0.170508,-22.217871,-0.012891,-0.011328,-22.144336,1.158691,0.087988,-22.236719,0.835742,0.538867,-22.399512,0.488379,0.506152,22.371484,-0.942676,-0.281934,22.171875,-1.173633,-0.281152,22.165625,-0.832324
0.023438,22.712109,-0.185645,-0.107324,22.357715,-0.072168,-0.326855,22.425879,-0.430664,0.360449,-22.325977,0.355957,0.239355,-22.726758,-0.089160,-0.164453,-22.218750,-0.005762,-0.016699,-22.146680,1.151270,0.082910,-22.239746,0.827930,0.540625,-22.394434,0.478809,0.506445,22.369238,-0.934082,-0.279687,22.172168,-1.166602,-0.283105,22.165137,-0.825195
0.018066,22.715527,-0.193750,-0.106055,22.359668,-0.080957,-0.322266,22.430078,-0.437891,0.365820,-22.330664,0.365332,0.238770,-22.730859,-0.080957,-0.162988,-22.218555,0.001758,-0.016699,-22.146289,1.144043,0.079297,-22.235059,0.822461,0.539551,-22.396582,0.473047,0.498535,22.370020,-0.927344,-0.285547,22.173926,-1.159180,-0.278906,22.169629,-0.818066
0.016602,22.712598,-0.204395,-0.107129,22.362500,-0.088965,-0.317383,22.430566,-0.443652,0.363184,-22.332617,0.370020,0.240137,-22.731738,-0.074219,-0.160449,-22.218359,0.010937,-0.016602,-22.149121,1.138574,0.079590,-22.239844,0.812988,0.532617,-22.399414,0.463477,0.501855,22.369629,-0.921582,-0.284961,22.175684,-1.149707,-0.284180,22.168457,-0.809668
0.015918,22.715234,-0.208301,-0.106934,22.363965,-0.097168,-0.319727,22.433301,-0.452734,0.364063,-22.332227,0.378418,0.237988,-22.732520,-0.067676,-0.166504,-22.220996,0.019043,-0.019434,-22.150684,1.131250,0.082910,-22.239453,0.804297,0.535937,-22.398828,0.456934,0.500488,22.371875,-0.909961,-0.288379,22.173828,-1.144336,-0.286328,22.167383,-0.805273
0.021777,22.716309,-0.219043,-0.106836,22.365039,-0.105176,-0.319434,22.434375,-0.460742,0.360254,-22.330469,0.385547,0.242773,-22.732617,-0.057715,-0.161621,-22.219824,0.026758,-0.018262,-22.145215,1.121680,0.075488,-22.240332,0.797949,0.535254,-22.398438,0.447559,0.501270,22.371973,-0.903320,-0.284180,22.173535,-1.134277,-0.277441,22.166113,-0.796191
0.018164,22.717676,-0.227344,-0.110937,22.366211,-0.111230,-0.318164,22.436523,-0.467676,0.361328,-22.332520,0.393262,0.236035,-22.734766,-0.051465,-0.158496,-22.220703,0.031152,-0.017383,-22.150684,1.113281,0.081250,-22.237207,0.789648,0.534961,-22.401758,0.442676,0.502148,22.369727,-0.896191,-0.284961,22.177344,-1.127148,-0.283789,22.163672,-0.788184
0.017383,22.716895,-0.233496,-0.107617,22.363672,-0.118945,-0.320605,22.439355,-0.475586,0.362402,-22.332129,0.404687,0.240527,-22.732617,-0.041992,-0.160645,-22.220996,0.040918,-0.020117,-22.151465,1.104785,0.080078,-22.240527,0.782813,0.538672,-22.395020,0.433398,0.506543,22.368066,-0.888770,-0.284766,22.171875,-1.120117,-0.284082,22.161914,-0.779395
0.016211,22.719824,-0.241504,-0.110547,22.364648,-0.128418,-0.319043,22.438281,-0.483594,0.364746,-22.333203,0.408887,0.239063,-22.734180,-0.036426,-0.162012,-22.222070,0.048242,-0.018750,-22.149512,1.099023,0.083984,-22.239648,0.773047,0.538574,-22.395508,0.427441,0.503320,22.369141,-0.880371,-0.283398,22.169629,-1.110742,-0.283008,22.161328,-0.772168
0.010156,22.722852,-0.250977,-0.110937,22.363281,-0.135840,-0.321484,22.440234,-0.492578,0.361621,-22.332422,0.418359,0.238965,-22.737793,-0.026367,-0.169141,-22.223047,0.057617,-0.015234,-22.150781,1.091895,0.086035,-22.237695,0.764746,0.538672,-22.396094,0.417285,0.501953,22.367383,-0.872559,-0.278516,22.170215,-1.102734,-0.282617,22.162500,-0.762012
0.011230,22.721875,-0.259863,-0.114551,22.369629,-0.143164,-0.325098,22.441406,-0.498730,0.363184,-22.330371,0.424512,0.237402,-22.739551,-0.018457,-0.163965,-22.222754,0.062695,-0.014941,-22.154004,1.081348,0.086621,-22.240820,0.757910,0.539844,-22.394824,0.408301,0.501953,22.367480,-0.865137,-0.278809,22.174609,-1.095410,-0.279492,22.161719,-0.756543
0.013574,22.724512,-0.267676,-0.115137,22.368457,-0.149707,-0.326172,22.437402,-0.507129,0.357812,-22.332812,0.435059,0.234277,-22.733789,-0.010547,-0.169629,-22.222461,0.072168,-0.010059,-22.154395,1.075000,0.083398,-22.239453,0.751465,0.542285,-22.397070,0.401270,0.512109,22.366699,-0.856641,-0.282031,22.169141,-1.089355,-0.278613,22.163965,-0.749219
0.002148,22.726270,-0.275293,-0.122852,22.369434,-0.158301,-0.331543,22.441992,-0.514453,0.354102,-22.332129,0.440527,0.232910,-22.736914,-0.005176,-0.176660,-22.222363,0.079004,-0.008203,-22.154102,1.070508,0.089160,-22.244336,0.742871,0.542090,-22.398242,0.394531,0.516895,22.365332,-0.848926,-0.275293,22.175195,-1.081934,-0.271484,22.165332,-0.740234
0.006055,22.726660,-0.282520,-0.124707,22.370313,-0.164551,-0.336035,22.439355,-0.522363,0.353711,-22.329687,0.448145,0.227344,-22.738574,0.003223,-0.175098,-22.227148,0.084766,-0.007129,-22.153906,1.059277,0.088867,-22.235742,0.736328,0.544434,-22.398535,0.386621,0.513477,22.364551,-0.842676,-0.265332,22.171875,-1.074512,-0.276758,22.164258,-0.733984
0.002344,22.730371,-0.288770,-0.125098,22.374316,-0.172461,-0.336426,22.440430,-0.529199,0.350195,-22.334863,0.455371,0.225977,-22.736426,0.009668,-0.174707,-22.226953,0.093945,-0.001758,-22.154297,1.055273,0.103711,-22.242383,0.726660,0.553418,-22.398730,0.379590,0.517480,22.365527,-0.834766,-0.262891,22.172656,-1.067676,-0.273047,22.166016,-0.726172
-0.001270,22.731934,-0.297754,-0.137207,22.373535,-0.179102,-0.341504,22.446680,-0.536816,0.341895,-22.335645,0.461523,0.219238,-22.736621,0.020410,-0.179980,-22.226855,0.100195,0.004297,-22.155371,1.048145,0.101758,-22.242383,0.721387,0.553125,-22.400781,0.373926,0.524805,22.365625,-0.826953,-0.257617,22.172363,-1.059473,-0.271875,22.166504,-0.720996
-0.005371,22.730957,-0.305371,-0.131543,22.373438,-0.186621,-0.345801,22.447656,-0.544434,0.342187,-22.335254,0.469336,0.218652,-22.739648,0.027637,-0.180762,-22.225684,0.110059,0.005176,-22.157715,1.040625,0.100684,-22.244141,0.715039,0.560254,-22.398535,0.368066,0.525098,22.366406,-0.820703,-0.258301,22.171973,-1.052930,-0.263574,22.163477,-0.714941
-0.019922,22.730371,-0.308789,-0.138574,22.377930,-0.191406,-0.349219,22.443066,-0.548535,0.331934,-22.334570,0.476660,0.208398,-22.738477,0.032910,-0.194238,-22.226367,0.116211,0.007812,-22.159180,1.031836,0.111914,-22.240820,0.708105,0.560449,-22.401465,0.356836,0.533008,22.366113,-0.812207,-0.254883,22.171777,-1.044043,-0.248828,22.163672,-0.705859
-0.017773,22.732715,-0.317285,-0.147559,22.376953,-0.200391,-0.355273,22.443750,-0.556250,0.328223,-22.330176,0.482422,0.212109,-22.737305,0.039062,-0.189648,-22.223145,0.122070,0.008887,-22.157910,1.028125,0.115527,-22.244531,0.700195,0.562793,-22.402930,0.351270,0.533887,22.362988,-0.806738,-0.247266,22.168262,-1.040234,-0.245215,22.160840,-0.700195
-0.021582,22.732910,-0.322168,-0.153320,22.378125,-0.207910,-0.367773,22.445312,-0.562695,0.322559,-22.331934,0.488965,0.207520,-22.738770,0.047656,-0.199902,-22.225391,0.127734,0.016211,-22.162109,1.020215,0.122656,-22.241113,0.692969,0.572363,-22.404785,0.346777,0.533594,22.367285,-0.802441,-0.240820,22.171777,-1.031152,-0.248633,22.163379,-0.692578
-0.031836,22.729785,-0.328613,-0.156738,22.379102,-0.210449,-0.367188,22.452148,-0.568066,0.315625,-22.332031,0.495117,0.197266,-22.737695,0.053516,-0.207129,-22.224707,0.134277,0.022852,-22.162500,1.014063,0.125000,-22.243164,0.686816,0.577539,-22.405078,0.338672,0.544141,22.364062,-0.794727,-0.235840,22.169531,-1.025293,-0.236426,22.165332,-0.688574
-0.026953,22.731250,-0.335352,-0.161816,22.378320,-0.217090,-0.372363,22.453418,-0.575000,0.310156,-22.332422,0.502637,0.198242,-22.734668,0.060059,-0.205566,-22.225781,0.139355,0.028711,-22.158984,1.009766,0.131641,-22.248242,0.680859,0.584668,-22.404688,0.332324,0.549414,22.363867,-0.788184,-0.231152,22.171289,-1.020605,-0.237891,22.166113,-0.682910
-0.042773,22.735254,-0.343359,-0.177246,22.380371,-0.223535,-0.379199,22.457324,-0.578906,0.304980,-22.334473,0.507617,0.193359,-22.738574,0.066699,-0.212793,-22.226562,0.147168,0.033008,-22.162109,1.001660,0.137598,-22.244727,0.675391,0.587305,-22.408203,0.327734,0.556738,22.362891,-0.781738,-0.223047,22.170508,-1.014746,-0.231055,22.166113,-0.677637
-0.048047,22.733691,-0.347070,-0.180469,22.381836,-0.228223,-0.391113,22.453809,-0.585254,0.296484,-22.332617,0.514941,0.182227,-22.740723,0.070215,-0.219043,-22.225000,0.152539,0.037598,-22.162305,0.997754,0.142383,-22.240039,0.670703,0.595898,-22.402344,0.322852,0.563672,22.360840,-0.776270,-0.215820,22.169824,-1.011719,-0.227344,22.160937,-0.671387
-0.057129,22.735937,-0.352539,-0.183496,22.380664,-0.235547,-0.394727,22.451367,-0.590527,0.291016,-22.331250,0.520020,0.176074,-22.739453,0.076660,-0.228613,-22.226270,0.159570,0.049316,-22.162402,0.993555,0.152930,-22.244531,0.662891,0.598633,-22.403613,0.314551,0.566504,22.360156,-0.773633,-0.212402,22.169043,-1.007129,-0.220312,22.162598,-0.665820
-0.060254,22.737793,-0.358496,-0.196875,22.376367,-0.240137,-0.399316,22.451172,-0.596973,0.283301,-22.329395,0.523633,0.168848,-22.739648,0.083496,-0.233984,-22.226367,0.166113,0.053906,-22.165625,0.987402,0.154199,-22.247754,0.661133,0.609180,-22.406934,0.310449,0.573730,22.361621,-0.766699,-0.203125,22.172559,-0.999707,-0.209180,22.166797,-0.657910
-0.072070,22.741992,-0.364355,-0.199316,22.385938,-0.242871,-0.409473,22.452441,-0.603516,0.279004,-22.331250,0.528711,0.158496,-22.740234,0.088379,-0.248438,-22.227930,0.169141,0.063281,-22.171387,0.983008,0.170410,-22.250781,0.655957,0.609570,-22.410645,0.304785,0.583301,22.364453,-0.761426,-0.194238,22.171680,-0.994727,-0.204395,22.166113,-0.655957
-0.078320,22.743066,-0.370703,-0.204297,22.385938,-0.250098,-0.416602,22.452539,-0.608691,0.264258,-22.330762,0.535547,0.150879,-22.739746,0.094043,-0.247363,-22.228809,0.175195,0.068945,-22.168848,0.975098,0.170508,-22.252148,0.648145,0.620020,-22.408398,0.298633,0.591992,22.366406,-0.755469,-0.184766,22.171875,-0.989941,-0.200781,22.166797,-0.649805
-0.089746,22.742090,-0.373730,-0.217969,22.384473,-0.254199,-0.426074,22.451465,-0.611621,0.259766,-22.331543,0.538477,0.144922,-22.738965,0.094922,-0.255957,-22.226758,0.179297,0.077637,-22.166992,0.973926,0.183398,-22.252539,0.644824,0.628418,-22.408496,0.296582,0.594238,22.362891,-0.751855,-0.179688,22.173145,-0.983496,-0.186621,22.166406,-0.645996
-0.093359,22.743848,-0.377637,-0.226367,22.387695,-0.258789,-0.431348,22.457227,-0.618164,0.247852,-22.329590,0.544824,0.134570,-22.737598,0.102539,-0.262891,-22.226855,0.183301,0.087793,-22.167578,0.967187,0.190918,-22.248340,0.637695,0.634082,-22.410156,0.288574,0.601172,22.363184,-0.746973,-0.169238,22.174121,-0.980957,-0.185059,22.166113,-0.639453
-0.102832,22.744141,-0.384766,-0.232520,22.388379,-0.263477,-0.441504,22.459180,-0.621094,0.246484,-22.330566,0.548047,0.129590,-22.743164,0.107129,-0.271973,-22.225293,0.188379,0.092383,-22.169629,0.962988,0.199609,-22.254492,0.635547,0.643457,-22.410645,0.286133,0.607617,22.364941,-0.742676,-0.159473,22.175488,-0.978125,-0.175781,22.166602,-0.634961
-0.116113,22.742578,-0.389648,-0.246191,22.387793,-0.267969,-0.452441,22.463672,-0.625781,0.233008,-22.329785,0.551465,0.120801,-22.741211,0.114258,-0.286523,-22.228516,0.192090,0.108301,-22.171387,0.955273,0.200488,-22.249316,0.628516,0.648145,-22.411914,0.279590,0.616016,22.365234,-0.735645,-0.155176,22.174902,-0.973242,-0.162305,22.166992,-0.630664
-0.126855,22.742285,-0.396289,-0.247168,22.381738,-0.273828,-0.461621,22.461914,-0.630664,0.228613,-22.330859,0.558496,0.118848,-22.740527,0.119141,-0.287988,-22.227441,0.201074,0.110156,-22.171582,0.952832,0.218652,-22.249414,0.622266,0.663184,-22.411035,0.272656,0.626953,22.361426,-0.731055,-0.148145,22.175488,-0.967285,-0.158789,22.165625,-0.626563
-0.130371,22.744336,-0.395313,-0.261719,22.387305,-0.276172,-0.467480,22.460547,-0.631641,0.214648,-22.333496,0.560449,0.104395,-22.741504,0.121387,-0.303320,-22.226270,0.201758,0.116113,-22.170508,0.952246,0.227832,-22.249902,0.620508,0.662988,-22.411523,0.271484,0.634863,22.364355,-0.728223,-0.136719,22.175977,-0.962402,-0.155957,22.168164,-0.623730
-0.137598,22.745117,-0.399902,-0.273828,22.387598,-0.278516,-0.475879,22.454590,-0.638672,0.209473,-22.329297,0.563770,0.097070,-22.743945,0.123535,-0.304980,-22.227441,0.207422,0.122168,-22.175098,0.945801,0.227344,-22.259277,0.616211,0.674414,-22.414648,0.266797,0.639258,22.363770,-0.722852,-0.131641,22.175488,-0.959082,-0.147168,22.164844,-0.618750
-0.155371,22.743750,-0.401074,-0.283301,22.392480,-0.280566,-0.485352,22.459766,-0.638867,0.198535,-22.330371,0.569238,0.086230,-22.745117,0.126758,-0.317578,-22.229688,0.208203,0.131836,-22.176855,0.945215,0.243066,-22.254102,0.615430,0.683887,-22.417188,0.266309,0.647949,22.364355,-0.721191,-0.120801,22.178027,-0.955566,-0.133887,22.167773,-0.616699
-0.161328,22.744922,-0.407520,-0.292871,22.391992,-0.284570,-0.494336,22.464063,-0.640137,0.185742,-22.330078,0.569043,0.079492,-22.742578,0.129199,-0.322070,-22.228125,0.212988,0.139844,-22.175195,0.939941,0.251758,-22.258984,0.611621,0.688086,-22.416992,0.259863,0.665918,22.364160,-0.719824,-0.109668,22.175977,-0.954492,-0.124316,22.164941,-0.612012
-0.172363,22.749805,-0.407813,-0.305566,22.393359,-0.286230,-0.506836,22.464844,-0.645312,0.176660,-22.331738,0.574121,0.069629,-22.745117,0.132617,-0.335645,-22.232129,0.215430,0.152441,-22.177246,0.937012,0.268555,-22.258789,0.609375,0.699316,-22.420410,0.259570,0.672559,22.366699,-0.716406,-0.096484,22.179199,-0.952344,-0.113574,22.167188,-0.611328
-0.175879,22.751367,-0.409961,-0.314941,22.391309,-0.287891,-0.520703,22.465430,-0.645996,0.167969,-22.330957,0.575977,0.056738,-22.739941,0.135547,-0.342578,-22.230957,0.215039,0.163672,-22.176367,0.934961,0.278711,-22.256055,0.605078,0.712207,-22.418066,0.255664,0.682813,22.364355,-0.714844,-0.081348,22.178418,-0.950195,-0.099512,22.165234,-0.609375
-0.193555,22.752441,-0.413086,-0.323535,22.394238,-0.289355,-0.520605,22.468164,-0.649023,0.154883,-22.327832,0.577832,0.052930,-22.743652,0.137207,-0.354102,-22.229883,0.218848,0.177051,-22.177539,0.933398,0.282715,-22.261328,0.601855,0.718750,-22.419141,0.252832,0.686719,22.366699,-0.712695,-0.078125,22.175781,-0.946582,-0.098730,22.166504,-0.606445
-0.204102,22.751465,-0.413281,-0.323242,22.393555,-0.291113,-0.533398,22.467188,-0.649219,0.147168,-22.332422,0.578906,0.042773,-22.744434,0.138379,-0.363184,-22.231836,0.221777,0.187109,-22.175391,0.931934,0.289355,-22.254590,0.602832,0.726074,-22.419531,0.251855,0.701953,22.366895,-0.708789,-0.070410,22.178027,-0.944727,-0.084473,22.170117,-0.604297
-0.212109,22.750879,-0.414844,-0.343555,22.395703,-0.292969,-0.548633,22.466602,-0.649316,0.132910,-22.333887,0.579492,0.030469,-22.742773,0.142383,-0.371973,-22.232422,0.221289,0.193262,-22.175977,0.930762,0.297461,-22.263770,0.601855,0.730664,-22.418750,0.250586,0.709961,22.365723,-0.710547,-0.061621,22.174707,-0.944922,-0.077441,22.167676,-0.604980
-0.216699,22.745996,-0.415332,-0.346680,22.391211,-0.292969,-0.556543,22.469141,-0.651855,0.129395,-22.336426,0.581641,0.021289,-22.741895,0.139258,-0.382227,-22.230664,0.222559,0.201563,-22.178613,0.930371,0.312207,-22.265625,0.600586,0.739551,-22.424316,0.249414,0.718262,22.363770,-0.707520,-0.054297,22.175391,-0.941699,-0.076855,22.168066,-0.603320
-0.232227,22.747656,-0.414453,-0.363086,22.390234,-0.291797,-0.563770,22.470508,-0.650488,0.122754,-22.332910,0.579688,0.012402,-22.743750,0.141504,-0.391016,-22.232813,0.222852,0.210059,-22.180664,0.930273,0.321680,-22.259277,0.598437,0.755273,-22.422168,0.250293,0.725488,22.365527,-0.709375,-0.041895,22.176465,-0.944531,-0.063379,22.169141,-0.604004
-0.238965,22.744043,-0.414941,-0.370898,22.388184,-0.291992,-0.576367,22.470215,-0.651270,0.102148,-22.329883,0.579492,0.003027,-22.743262,0.140430,-0.400879,-22.228613,0.223242,0.223535,-22.186133,0.929199,0.336621,-22.258301,0.598047,0.757715,-22.424316,0.249316,0.738281,22.361816,-0.708008,-0.031836,22.176660,-0.942187,-0.051270,22.169531,-0.602148
-0.246191,22.747168,-0.415820,-0.377637,22.393457,-0.294141,-0.586816,22.469922,-0.650879,0.106543,-22.330176,0.580664,-0.009668,-22.746484,0.142285,-0.408398,-22.229395,0.226074,0.227832,-22.180762,0.929492,0.343652,-22.263477,0.597070,0.765234,-22.426270,0.249707,0.749316,22.361328,-0.707422,-0.022461,22.177344,-0.945020,-0.040430,22.171289,-0.602832
-0.258984,22.748438,-0.414062,-0.386328,22.392773,-0.292578,-0.602637,22.467969,-0.650391,0.093848,-22.330664,0.579688,-0.012793,-22.739941,0.139746,-0.420996,-22.226953,0.223926,0.246289,-22.177441,0.929297,0.359375,-22.259082,0.599805,0.776660,-22.421973,0.249609,0.759375,22.361328,-0.708691,-0.012793,22.178516,-0.942969,-0.032129,22.171289,-0.602051
-0.263770,22.748438,-0.412988,-0.399414,22.392676,-0.290234,-0.610840,22.467480,-0.648438,0.087305,-22.327539,0.576953,-0.024121,-22.739648,0.141504,-0.431738,-22.226270,0.223730,0.251855,-22.182617,0.930566,0.357129,-22.264258,0.596289,0.784473,-22.424121,0.252441,0.767578,22.361719,-0.710645,-0.004199,22.179297,-0.946387,-0.022070,22.172168,-0.603125
-0.278320,22.749316,-0.411914,-0.408984,22.393945,-0.290234,-0.618066,22.468066,-0.646582,0.071973,-22.329297,0.578809,-0.034473,-22.740234,0.137305,-0.435840,-22.227441,0.221973,0.264844,-22.184473,0.931445,0.374023,-22.264355,0.599023,0.792773,-22.423340,0.251367,0.780469,22.360645,-0.711035,0.003809,22.177832,-0.947266,-0.018750,22.173535,-0.604297
-0.290820,22.749316,-0.408789,-0.414258,22.396094,-0.286328,-0.626367,22.468750,-0.648633,0.061426,-22.331641,0.577051,-0.042188,-22.738672,0.136816,-0.450684,-22.230859,0.220410,0.273242,-22.183301,0.933301,0.379395,-22.261621,0.601465,0.804199,-22.427441,0.251270,0.784961,22.363477,-0.710352,0.013086,22.181836,-0.945703,-0.001563,22.176172,-0.606445
-0.297070,22.749121,-0.409082,-0.424023,22.393945,-0.286035,-0.631152,22.467285,-0.645605,0.050098,-22.331348,0.574902,-0.051367,-22.739062,0.137402,-0.460938,-22.230176,0.220508,0.282422,-22.185449,0.933594,0.388184,-22.265234,0.602734,0.812012,-22.424414,0.251855,0.796484,22.361133,-0.711719,0.018750,22.179297,-0.949121,0.006055,22.173340,-0.606250
-0.304102,22.749023,-0.407031,-0.434668,22.394141,-0.285742,-0.644531,22.468164,-0.643555,0.035645,-22.328809,0.572461,-0.058887,-22.738672,0.133496,-0.466113,-22.224414,0.217578,0.288672,-22.183789,0.934570,0.401562,-22.267773,0.603613,0.819922,-22.427051,0.255176,0.803809,22.361035,-0.713574,0.032227,22.178613,-0.948730,0.013281,22.172559,-0.608008
-0.312012,22.750391,-0.406250,-0.443066,22.394336,-0.280078,-0.650391,22.469043,-0.641406,0.037793,-22.332617,0.571973,-0.068359,-22.738965,0.131641,-0.473730,-22.227930,0.217090,0.305078,-22.185938,0.937695,0.407910,-22.268066,0.606738,0.828125,-22.426953,0.257422,0.824121,22.361621,-0.715918,0.037793,22.177832,-0.953320,0.023730,22.176953,-0.611523
-0.323047,22.750684,-0.404102,-0.454492,22.397266,-0.278613,-0.661914,22.471777,-0.639062,0.021582,-22.332910,0.570801,-0.080566,-22.739258,0.130371,-0.488672,-22.227930,0.213574,0.311133,-22.186035,0.940137,0.420312,-22.273730,0.605566,0.839844,-22.429590,0.256250,0.830566,22.361719,-0.717383,0.043066,22.177734,-0.953906,0.036719,22.176855,-0.610938
-0.337207,22.750781,-0.400000,-0.462109,22.395215,-0.276172,-0.679980,22.465234,-0.636719,0.013867,-22.330957,0.565039,-0.086133,-22.737988,0.127930,-0.497949,-22.223926,0.212598,0.328516,-22.185742,0.939844,0.428125,-22.265723,0.608008,0.846484,-22.426074,0.259375,0.841504,22.361621,-0.720703,0.057031,22.174219,-0.956543,0.042578,22.173828,-0.613965
-0.339844,22.748926,-0.395215,-0.469141,22.395117,-0.272754,-0.681055,22.464746,-0.632910,0.006543,-22.328809,0.563086,-0.092969,-22.734961,0.123438,-0.507129,-22.223340,0.208496,0.336621,-22.185059,0.943457,0.438281,-22.265430,0.612793,0.852539,-22.425488,0.264355,0.845215,22.358105,-0.723926,0.066797,22.172949,-0.960156,0.050684,22.169043,-0.617188
-0.350488,22.750098,-0.393066,-0.479980,22.393848,-0.271094,-0.695020,22.461621,-0.629395,-0.001660,-22.328223,0.562109,-0.104492,-22.735840,0.121387,-0.511328,-22.222656,0.206250,0.346289,-22.182324,0.946094,0.452051,-22.269043,0.611426,0.863184,-22.426855,0.265918,0.856543,22.356836,-0.725488,0.073340,22.174121,-0.961914,0.056250,22.168945,-0.618750
-0.356836,22.751758,-0.389648,-0.494629,22.395020,-0.267188,-0.697754,22.463574,-0.625586,-0.012207,-22.330762,0.557422,-0.116602,-22.733789,0.118555,-0.520898,-22.220703,0.205469,0.355664,-22.184473,0.950586,0.464551,-22.273535,0.616406,0.870508,-22.426758,0.269336,0.866699,22.358887,-0.728223,0.078223,22.174512,-0.964844,0.068457,22.170801,-0.622461
-0.363086,22.747852,-0.387598,-0.495801,22.393066,-0.265430,-0.703320,22.463477,-0.624902,-0.018555,-22.329004,0.557715,-0.119238,-22.732617,0.118359,-0.527344,-22.219922,0.200879,0.359863,-22.185547,0.954590,0.467187,-22.264844,0.619043,0.872656,-22.426660,0.270801,0.871094,22.358301,-0.731934,0.088867,22.178613,-0.966016,0.067578,22.169434,-0.622754
-0.360547,22.748145,-0.386523,-0.494238,22.392480,-0.264062,-0.708301,22.462109,-0.623828,-0.021875,-22.329297,0.557715,-0.121191,-22.732813,0.116504,-0.533105,-22.219141,0.204883,0.356836,-22.187891,0.954590,0.461035,-22.265918,0.617773,0.877539,-22.424902,0.271289,0.874902,22.361230,-0.729102,0.088574,22.177246,-0.966016,0.073926,22.174121,-0.624609
-0.367480,22.745996,-0.386914,-0.493555,22.389844,-0.264062,-0.706738,22.462012,-0.624023,-0.021484,-22.327148,0.553516,-0.121777,-22.733789,0.116602,-0.526660,-22.219727,0.203613,0.358691,-22.186426,0.954785,0.471289,-22.271387,0.619238,0.881836,-22.425000,0.270801,0.874219,22.362207,-0.731738,0.086230,22.177344,-0.968652,0.071777,22.172461,-0.624219
-0.365625,22.747363,-0.386328,-0.494531,22.389648,-0.264648,-0.711133,22.462695,-0.625293,-0.018457,-22.330957,0.555176,-0.125391,-22.733008,0.115137,-0.529395,-22.218750,0.203711,0.360840,-22.186230,0.951953,0.469922,-22.269238,0.618750,0.875391,-22.425391,0.272168,0.874023,22.361914,-0.731543,0.085156,22.176855,-0.968164,0.072949,22.175684,-0.623047
-0.365039,22.746387,-0.388574,-0.494824,22.391309,-0.265527,-0.712402,22.460840,-0.624902,-0.018555,-22.330859,0.554004,-0.118848,-22.731738,0.115918,-0.523926,-22.218457,0.203906,0.358203,-22.185645,0.952344,0.467480,-22.273828,0.620605,0.879590,-22.426855,0.270996,0.874902,22.361719,-0.731055,0.088281,22.181641,-0.967090,0.067676,22.179004,-0.623145
-0.365820,22.745898,-0.387793,-0.498633,22.389844,-0.261621,-0.704590,22.459082,-0.625684,-0.017383,-22.329297,0.555566,-0.125977,-22.733691,0.116992,-0.534082,-22.219336,0.201465,0.360449,-22.187793,0.951758,0.466309,-22.267285,0.618652,0.874316,-22.428516,0.271289,0.871484,22.360645,-0.730566,0.086621,22.178418,-0.967773,0.065820,22.175391,-0.623242
-0.363965,22.745313,-0.387988,-0.500293,22.390918,-0.263672,-0.716699,22.459082,-0.621680,-0.019824,-22.332812,0.555078,-0.123438,-22.734668,0.116504,-0.529492,-22.220020,0.203906,0.358008,-22.189746,0.952344,0.464160,-22.270020,0.620605,0.882324,-22.431250,0.272559,0.871680,22.361719,-0.730176,0.085352,22.181348,-0.967871,0.071582,22.175098,-0.623828
-0.361719,22.741797,-0.385449,-0.492871,22.385645,-0.264160,-0.707617,22.454004,-0.624023,-0.021973,-22.329199,0.555957,-0.122266,-22.733203,0.117676,-0.535742,-22.216113,0.203711,0.360742,-22.186914,0.951758,0.463965,-22.266895,0.619824,0.884766,-22.426758,0.270996,0.868359,22.362988,-0.730469,0.086523,22.178027,-0.966504,0.069922,22.175098,-0.624414
-0.358984,22.744434,-0.386133,-0.493848,22.387598,-0.263086,-0.704004,22.458105,-0.624414,-0.019238,-22.328711,0.557129,-0.119141,-22.734863,0.113770,-0.533789,-22.218066,0.203711,0.357031,-22.185938,0.952637,0.465723,-22.267676,0.620313,0.877539,-22.431543,0.272656,0.876270,22.364160,-0.730469,0.086426,22.181152,-0.969336,0.071582,22.175586,-0.626758
-0.367285,22.745313,-0.387793,-0.492578,22.387793,-0.262695,-0.712305,22.458789,-0.624023,-0.014941,-22.328223,0.555371,-0.121680,-22.733887,0.117969,-0.525781,-22.218457,0.201855,0.355859,-22.188184,0.950488,0.459473,-22.275391,0.621094,0.879199,-22.428906,0.272070,0.868359,22.365332,-0.734180,0.083203,22.176855,-0.968848,0.070898,22.173730,-0.624805
-0.364063,22.743164,-0.387500,-0.495117,22.387012,-0.262402,-0.709375,22.456543,-0.623145,-0.020996,-22.325195,0.554199,-0.121777,-22.732227,0.116113,-0.527637,-22.216699,0.201074,0.361426,-22.184668,0.951660,0.460742,-22.266992,0.620605,0.875488,-22.427148,0.271680,0.870215,22.362793,-0.731543,0.088965,22.179980,-0.968359,0.071484,22.174219,-0.625586
-0.364746,22.741602,-0.386133,-0.492480,22.385254,-0.261621,-0.710547,22.455566,-0.622949,-0.021680,-22.327539,0.557129,-0.120508,-22.733203,0.115918,-0.530762,-22.214063,0.200391,0.355762,-22.184375,0.953223,0.469238,-22.273145,0.620020,0.879687,-22.426074,0.270508,0.864941,22.363867,-0.732520,0.087207,22.179590,-0.967676,0.070703,22.174512,-0.625000
-0.365234,22.741895,-0.386816,-0.491797,22.381641,-0.261523,-0.707520,22.454785,-0.621777,-0.020801,-22.328027,0.555176,-0.122363,-22.731250,0.118066,-0.520801,-22.216211,0.200586,0.357129,-22.184180,0.954102,0.463965,-22.272461,0.619629,0.879883,-22.427344,0.270313,0.872754,22.362891,-0.733594,0.084766,22.181543,-0.968652,0.074609,22.177051,-0.623535
-0.366602,22.740332,-0.386621,-0.499023,22.381934,-0.264746,-0.709766,22.452344,-0.620605,-0.018945,-22.325391,0.556152,-0.117480,-22.729980,0.113965,-0.530078,-22.211914,0.200684,0.360547,-22.184180,0.953320,0.461719,-22.266211,0.620020,0.877832,-22.422754,0.270801,0.867676,22.362012,-0.730469,0.086523,22.180273,-0.968457,0.070996,22.173633,-0.624805
-0.363672,22.742578,-0.385742,-0.491309,22.381250,-0.263379,-0.703711,22.453125,-0.622559,-0.024512,-22.323047,0.556152,-0.125488,-22.729590,0.115137,-0.523047,-22.214160,0.201270,0.359766,-22.187402,0.951855,0.465527,-22.267383,0.618555,0.877441,-22.423828,0.273242,0.870801,22.360840,-0.729980,0.087109,22.180078,-0.968555,0.076855,22.173437,-0.624316
-0.363281,22.742188,-0.385645,-0.487109,22.381055,-0.263184,-0.707910,22.452930,-0.623047,-0.021289,-22.326172,0.556543,-0.122363,-22.727344,0.116309,-0.528125,-22.213379,0.203027,0.358301,-22.187891,0.952441,0.463574,-22.268945,0.621387,0.880469,-22.424316,0.270313,0.870801,22.363184,-0.731445,0.088477,22.180078,-0.967090,0.068848,22.174219,-0.625488
-0.366211,22.739844,-0.384277,-0.496094,22.380469,-0.264160,-0.706738,22.448730,-0.623926,-0.021973,-22.325098,0.554395,-0.124805,-22.728516,0.116797,-0.523926,-22.211328,0.201563,0.353516,-22.185840,0.953125,0.462305,-22.264941,0.620117,0.874902,-22.426660,0.272266,0.870313,22.361914,-0.730176,0.088867,22.176953,-0.969141,0.072070,22.172559,-0.624219
-0.364648,22.739648,-0.386230,-0.494434,22.381055,-0.260742,-0.710156,22.444141,-0.624316,-0.020898,-22.329199,0.556152,-0.122559,-22.730469,0.116895,-0.531738,-22.213672,0.202637,0.356934,-22.189551,0.954785,0.466797,-22.267480,0.619043,0.877441,-22.425488,0.271289,0.867383,22.361426,-0.731250,0.088477,22.177051,-0.969336,0.068555,22.170996,-0.624609
-0.364648,22.741992,-0.386914,-0.494043,22.382520,-0.263770,-0.710840,22.444727,-0.622559,-0.018359,-22.327148,0.556445,-0.122461,-22.732324,0.116309,-0.528516,-22.212988,0.200195,0.361133,-22.190430,0.953027,0.467187,-22.270508,0.618652,0.875781,-22.428516,0.274512,0.871680,22.361914,-0.731836,0.084961,22.177246,-0.969043,0.066113,22.169727,-0.625293
-0.368262,22.740234,-0.388184,-0.495898,22.382812,-0.263770,-0.704883,22.447852,-0.622168,-0.018848,-22.325293,0.555469,-0.120996,-22.729688,0.115039,-0.530957,-22.212305,0.203613,0.350488,-22.188184,0.952832,0.466113,-22.271094,0.620801,0.875391,-22.424219,0.271484,0.868262,22.362500,-0.732324,0.089355,22.179785,-0.967871,0.067676,22.168457,-0.623437
-0.359766,22.739453,-0.386035,-0.494629,22.384668,-0.262988,-0.704980,22.451758,-0.623926,-0.013770,-22.321680,0.555664,-0.120508,-22.731152,0.114453,-0.523828,-22.211035,0.199902,0.352734,-22.183496,0.952344,0.466797,-22.269531,0.619922,0.872363,-22.426758,0.273633,0.870117,22.362988,-0.731934,0.085352,22.176465,-0.968457,0.068555,22.169531,-0.623730
